Unnamed: 0,TimeStamp,Relative Time,srcIP,dstIP,srcPort,dstPort,ipLen,len,fmt,uType,asduType,numix,cot,oa,addr,ioa,label,attack_type
1840,16.290313,6446.135083,3232238584,3232238447,2404,61254,67,25,1,2.0,36.0,1.0,3.0,0.0,65535.0,1.0,1,Command Injection
14873,8.112137,62984.370477,3232238447,3232238584,61254,2404,46,4,2,2.0,9.0,1.0,3.0,0.0,55.0,136.0,1,Command Injection
14876,8.113216,62995.16647,3232238447,3232238584,61254,2404,46,4,2,2.0,9.0,1.0,3.0,0.0,55.0,136.0,1,Command Injection
1979,16.3628,6891.007598,3232238584,3232238447,2404,61254,67,25,1,2.0,36.0,1.0,3.0,0.0,65535.0,1.0,1,Command Injection
411,15.053348,1436.485668,3232238584,3232238447,2404,61254,67,25,1,2.0,36.0,1.0,3.0,0.0,65535.0,1.0,0,Normal
1997,16.372603,6949.037097,3232238584,3232238447,2404,61254,67,25,1,2.0,36.0,1.0,3.0,0.0,65535.0,1.0,1,Command Injection
1945,16.343458,6777.579939,3232238447,3232238584,61254,2404,46,4,2,2.0,9.0,1.0,3.0,0.0,55.0,136.0,1,Command Injection
1832,16.283558,6418.582531,3232238447,3232238584,61254,2404,46,4,2,2.0,9.0,1.0,3.0,0.0,55.0,136.0,1,Command Injection
14995,8.194887,63491.869963,3232238447,3232238584,61254,2404,46,4,2,2.0,9.0,1.0,3.0,0.0,55.0,136.0,1,Command Injection
136,14.492741,470.410564,3232238584,3232238447,2404,61254,67,25,1,2.0,36.0,1.0,3.0,0.0,65535.0,1.0,0,Normal
14947,8.165208,63315.087026,3232238584,3232238447,2404,61254,67,25,1,2.0,36.0,1.0,3.0,0.0,65535.0,1.0,1,Command Injection
76,14.455978,262.782204,3232238447,3232238584,61254,2404,46,4,2,2.0,9.0,1.0,3.0,0.0,55.0,136.0,0,Normal
1955,16.351418,6817.181601,3232238584,3232238447,2404,61254,67,25,1,2.0,36.0,1.0,3.0,0.0,65535.0,1.0,1,Command Injection
15109,8.280613,63989.134424,3232238584,3232238447,2404,61254,67,25,1,2.0,36.0,1.0,3.0,0.0,65535.0,1.0,1,Command Injection
15074,8.253517,63838.171503,3232238584,3232238447,2404,61254,67,25,1,2.0,36.0,1.0,3.0,0.0,65535.0,1.0,1,Command Injection
15035,8.225186,63674.866334,3232238447,3232238584,61254,2404,46,4,2,2.0,9.0,1.0,3.0,0.0,55.0,136.0,1,Command Injection
280,14.575036,973.361144,3232238447,3232238584,61254,2404,46,4,2,2.0,9.0,1.0,3.0,0.0,55.0,136.0,0,Normal
15019,8.214122,63604.225026,3232238584,3232238447,2404,61254,67,25,1,2.0,36.0,1.0,3.0,0.0,65535.0,2.0,1,Command Injection
14897,8.125597,63078.969979,3232238447,3232238584,61254,2404,46,4,2,2.0,9.0,1.0,3.0,0.0,55.0,136.0,1,Command Injection
319,14.595863,1101.633731,3232238584,3232238447,2404,61254,67,25,1,2.0,36.0,1.0,3.0,0.0,65535.0,1.0,0,Normal
1868,16.302793,6530.936605,3232238584,3232238447,2404,61254,67,25,1,2.0,36.0,1.0,3.0,0.0,65535.0,1.0,1,Command Injection
174,14.513125,594.257807,3232238447,3232238584,61254,2404,46,4,2,2.0,9.0,1.0,3.0,0.0,55.0,136.0,0,Normal
371,15.032731,1310.318189,3232238447,3232238584,61254,2404,46,4,0,2.0,9.0,1.0,3.0,0.0,55.0,136.0,0,Normal
1846,16.291816,6461.168663,3232238584,3232238447,2404,61254,67,25,1,2.0,36.0,1.0,3.0,0.0,65535.0,1.0,1,Command Injection
210,14.535288,735.884496,3232238584,3232238447,2404,61254,67,25,1,2.0,36.0,1.0,3.0,0.0,65535.0,1.0,0,Normal
235,14.551371,816.712772,3232238447,3232238584,61254,2404,46,4,2,2.0,9.0,1.0,3.0,0.0,55.0,136.0,0,Normal
101,14.473054,353.541098,3232238584,3232238447,2404,61254,67,25,1,2.0,36.0,1.0,3.0,0.0,65535.0,1.0,0,Normal
15122,8.285794,64040.941913,3232238584,3232238447,2404,61254,67,25,1,2.0,36.0,1.0,3.0,0.0,65535.0,1.0,1,Command Injection
15038,8.230781,63690.809191,3232238447,3232238584,61254,2404,46,4,2,2.0,9.0,1.0,3.0,0.0,55.0,136.0,1,Command Injection
15083,8.260717,63870.169747,3232238447,3232238584,61254,2404,46,4,2,2.0,9.0,1.0,3.0,0.0,55.0,136.0,1,Command Injection
346,15.013202,1195.019645,3232238584,3232238447,2404,61254,67,25,1,2.0,36.0,1.0,3.0,0.0,65535.0,1.0,0,Normal
139,14.493961,482.613465,3232238584,3232238447,2404,61254,67,25,1,2.0,36.0,1.0,3.0,0.0,65535.0,1.0,0,Normal
1940,16.342118,6764.179891,3232238447,3232238584,61254,2404,46,4,2,2.0,9.0,1.0,3.0,0.0,55.0,136.0,1,Command Injection
499,15.105765,1760.654166,3232238584,3232238447,2404,61254,67,25,1,2.0,36.0,1.0,3.0,0.0,65535.0,1.0,0,Normal
370,15.031719,1300.190014,3232238447,3232238584,61254,2404,46,4,2,2.0,9.0,1.0,3.0,0.0,55.0,136.0,0,Normal
198,14.531927,702.275653,3232238584,3232238447,2404,61254,67,25,1,2.0,36.0,1.0,3.0,0.0,65535.0,1.0,0,Normal
14823,8.080934,62792.346804,3232238584,3232238447,2404,61254,67,25,1,2.0,36.0,1.0,3.0,0.0,65535.0,1.0,1,Command Injection
1903,16.322293,6645.937598,3232238584,3232238447,2404,61254,67,25,1,2.0,36.0,1.0,3.0,0.0,65535.0,1.0,1,Command Injection
15037,8.230681,63689.809581,3232238584,3232238447,2404,61254,67,25,1,2.0,36.0,1.0,3.0,0.0,65535.0,1.0,1,Command Injection
59,14.445507,198.078108,3232238584,3232238447,2404,61254,67,25,1,2.0,36.0,1.0,3.0,0.0,65535.0,1.0,0,Normal
328,15.003162,1134.623232,3232238584,3232238447,2404,61254,67,25,1,2.0,36.0,1.0,3.0,0.0,65535.0,1.0,0,Normal
96,14.471893,341.937714,3232238584,3232238447,2404,61254,67,25,1,2.0,36.0,1.0,3.0,0.0,65535.0,1.0,0,Normal
312,14.593824,1081.244091,3232238584,3232238447,2404,61254,67,25,1,2.0,36.0,1.0,3.0,0.0,65535.0,2.0,0,Normal
15110,8.280713,63990.134096,3232238584,3232238447,2404,61254,67,25,1,2.0,36.0,1.0,3.0,0.0,65535.0,3.0,1,Command Injection
299,14.585286,1035.860628,3232238584,3232238447,2404,61254,67,25,1,2.0,36.0,1.0,3.0,0.0,65535.0,1.0,0,Normal
277,14.573831,961.318236,3232238447,3232238584,61254,2404,46,4,2,2.0,9.0,1.0,3.0,0.0,55.0,136.0,0,Normal
15060,8.244717,63790.173906,3232238584,3232238447,2404,61254,67,25,1,2.0,36.0,1.0,3.0,0.0,65535.0,1.0,1,Command Injection
1920,16.331841,6701.416286,3232238447,3232238584,61254,2404,46,4,2,2.0,9.0,1.0,3.0,0.0,55.0,136.0,1,Command Injection
439,15.071092,1533.924665,3232238584,3232238447,2404,61254,67,25,1,2.0,36.0,1.0,3.0,0.0,65535.0,1.0,0,Normal
14973,8.182886,63411.867421,3232238584,3232238447,2404,61254,67,25,1,2.0,36.0,1.0,3.0,0.0,65535.0,1.0,1,Command Injection
1889,16.314173,6604.730729,3232238584,3232238447,2404,61254,67,25,1,2.0,36.0,1.0,3.0,0.0,65535.0,1.0,1,Command Injection
15015,8.211582,63578.821894,3232238584,3232238447,2404,61254,67,25,1,2.0,36.0,1.0,3.0,0.0,65535.0,1.0,1,Command Injection
261,14.564371,906.716588,3232238584,3232238447,2404,61254,67,25,1,2.0,36.0,1.0,3.0,0.0,65535.0,1.0,0,Normal
1897,16.320313,6626.135102,3232238584,3232238447,2404,61254,67,25,1,2.0,36.0,1.0,3.0,0.0,65535.0,1.0,1,Command Injection
23,14.430167,84.669994,3232238584,3232238447,2404,61254,67,25,1,2.0,36.0,1.0,3.0,0.0,65535.0,1.0,0,Normal
30,14.432327,106.274158,3232238447,3232238584,61254,2404,46,4,2,2.0,9.0,1.0,3.0,0.0,55.0,136.0,0,Normal
1936,16.341436,6757.363277,3232238584,3232238447,2404,61254,67,25,1,2.0,36.0,1.0,3.0,0.0,65535.0,1.0,1,Command Injection
10,14.421227,35.274842,3232238584,3232238447,2404,61254,67,25,1,2.0,36.0,1.0,3.0,0.0,65535.0,1.0,0,Normal
221,14.543421,777.219029,3232238447,3232238584,61254,2404,46,4,0,3.0,9.0,1.0,3.0,0.0,55.0,136.0,0,Normal
14956,8.172481,63347.81348,3232238447,3232238584,61254,2404,46,4,2,2.0,9.0,1.0,3.0,0.0,55.0,136.0,1,Command Injection
296,14.584666,1029.663637,3232238584,3232238447,2404,61254,67,25,1,2.0,36.0,1.0,3.0,0.0,65535.0,1.0,0,Normal
54,14.444824,191.239326,3232238584,3232238447,2404,61254,46,4,0,2.0,9.0,1.0,3.0,0.0,55.0,136.0,0,Normal
1861,16.301413,6517.13503,3232238584,3232238447,2404,61254,67,25,1,2.0,36.0,1.0,3.0,0.0,65535.0,3.0,1,Command Injection
209,14.534708,730.083807,3232238584,3232238447,2404,61254,67,25,1,2.0,36.0,1.0,3.0,0.0,65535.0,1.0,0,Normal
1923,16.332875,6711.74945,3232238584,3232238447,2404,61254,67,25,1,2.0,36.0,1.0,3.0,0.0,65535.0,1.0,1,Command Injection
14828,8.082812,62811.119271,3232238584,3232238447,2404,61254,67,25,1,2.0,36.0,1.0,3.0,0.0,65535.0,2.0,1,Command Injection
1981,16.363281,6895.810378,3232238584,3232238447,2404,61254,67,25,1,2.0,36.0,1.0,3.0,0.0,65535.0,1.0,1,Command Injection
15002,8.20235,63526.503254,3232238447,3232238584,61254,2404,46,4,0,2.0,9.0,1.0,3.0,0.0,55.0,136.0,1,Command Injection
70,14.45289,231.908407,3232238447,3232238584,61254,2404,46,4,2,2.0,9.0,1.0,3.0,0.0,55.0,136.0,0,Normal
1862,16.301616,6519.162725,3232238447,3232238584,61254,2404,46,4,2,2.0,9.0,1.0,3.0,0.0,55.0,136.0,1,Command Injection
107,14.475443,377.43229,3232238447,3232238584,61254,2404,46,4,2,2.0,9.0,1.0,3.0,0.0,55.0,136.0,0,Normal
493,15.103721,1740.218618,3232238447,3232238584,61254,2404,46,4,2,2.0,9.0,1.0,3.0,0.0,55.0,136.0,0,Normal
1909,16.323773,6660.73788,3232238584,3232238447,2404,61254,67,25,1,2.0,36.0,1.0,3.0,0.0,65535.0,1.0,1,Command Injection
14877,8.113236,62995.363117,3232238584,3232238447,2404,61254,67,25,1,2.0,36.0,1.0,3.0,0.0,65535.0,1.0,1,Command Injection
292,14.583427,1017.269186,3232238584,3232238447,2404,61254,67,25,1,2.0,36.0,1.0,3.0,0.0,65535.0,1.0,0,Normal
289,14.582027,1003.275521,3232238584,3232238447,2404,61254,67,25,1,2.0,36.0,1.0,3.0,0.0,65535.0,1.0,0,Normal
1971,16.36104,6873.401215,3232238447,3232238584,61254,2404,46,4,2,2.0,9.0,1.0,3.0,0.0,55.0,136.0,1,Command Injection
39,14.43547,137.705294,3232238584,3232238447,2404,61254,67,25,1,2.0,36.0,1.0,3.0,0.0,65535.0,1.0,0,Normal
1908,16.323534,6658.342654,3232238447,3232238584,61254,2404,46,4,2,2.0,9.0,1.0,3.0,0.0,55.0,136.0,1,Command Injection
307,14.592305,1066.050777,3232238584,3232238447,2404,61254,67,25,1,2.0,36.0,1.0,3.0,0.0,65535.0,1.0,0,Normal
1998,16.372907,6952.076528,3232238447,3232238584,61254,2404,46,4,2,2.0,9.0,1.0,3.0,0.0,55.0,136.0,1,Command Injection
66,14.452228,225.284232,3232238584,3232238447,2404,61254,67,25,1,2.0,36.0,1.0,3.0,0.0,65535.0,3.0,0,Normal
275,14.573193,954.936757,3232238584,3232238447,2404,61254,67,25,1,2.0,36.0,1.0,3.0,0.0,65535.0,1.0,0,Normal
67,14.452328,226.284516,3232238584,3232238447,2404,61254,67,25,1,2.0,36.0,1.0,3.0,0.0,65535.0,1.0,0,Normal
318,14.595813,1101.135689,3232238447,3232238584,61254,2404,46,4,2,2.0,9.0,1.0,3.0,0.0,55.0,136.0,0,Normal
1867,16.302717,6530.17811,3232238447,3232238584,61254,2404,46,4,2,2.0,9.0,1.0,3.0,0.0,55.0,136.0,1,Command Injection
15134,8.300818,64111.180234,3232238584,3232238447,2404,61254,67,25,1,2.0,36.0,1.0,3.0,0.0,65535.0,3.0,1,Command Injection
14850,8.095863,62901.634725,3232238584,3232238447,2404,61254,67,25,1,2.0,36.0,1.0,3.0,0.0,65535.0,1.0,1,Command Injection
14889,8.122608,63049.079974,3232238447,3232238584,61254,2404,46,4,2,2.0,9.0,1.0,3.0,0.0,55.0,136.0,1,Command Injection
327,15.002602,1129.023644,3232238584,3232238447,2404,61254,67,25,1,2.0,36.0,1.0,3.0,0.0,65535.0,1.0,0,Normal
382,15.035165,1334.652727,3232238584,3232238447,2404,61254,67,25,1,2.0,36.0,1.0,3.0,0.0,65535.0,1.0,0,Normal
451,15.075638,1579.387165,3232238447,3232238584,61254,2404,46,4,2,2.0,9.0,1.0,3.0,0.0,55.0,136.0,0,Normal
1841,16.290614,6449.143927,3232238584,3232238447,2404,61254,67,25,1,2.0,36.0,1.0,3.0,0.0,65535.0,2.0,1,Command Injection
218,14.543155,774.551194,3232238584,3232238447,2404,61254,67,25,1,2.0,36.0,1.0,3.0,0.0,65535.0,1.0,0,Normal
14923,8.150009,63203.093221,3232238584,3232238447,2404,61254,67,25,1,2.0,36.0,1.0,3.0,0.0,65535.0,1.0,1,Command Injection
436,15.070532,1528.323459,3232238584,3232238447,2404,61254,67,25,1,2.0,36.0,1.0,3.0,0.0,65535.0,1.0,0,Normal
14900,8.131651,63099.518019,3232238584,3232238447,2404,61254,67,25,1,2.0,36.0,1.0,3.0,0.0,65535.0,1.0,1,Command Injection
88,14.464925,312.25296,3232238447,3232238584,61254,2404,46,4,2,2.0,9.0,1.0,3.0,0.0,55.0,136.0,0,Normal
63,14.451488,217.882456,3232238584,3232238447,2404,61254,67,25,1,2.0,36.0,1.0,3.0,0.0,65535.0,1.0,0,Normal
14962,8.173927,63362.277665,3232238584,3232238447,2404,61254,67,25,1,2.0,36.0,1.0,3.0,0.0,65535.0,1.0,1,Command Injection
14852,8.100542,62908.428368,3232238584,3232238447,2404,61254,67,25,1,2.0,36.0,1.0,3.0,0.0,65535.0,1.0,1,Command Injection
351,15.015054,1213.540337,3232238447,3232238584,61254,2404,46,4,2,2.0,9.0,1.0,3.0,0.0,55.0,136.0,0,Normal
15072,8.252918,63832.180492,3232238447,3232238584,61254,2404,46,4,2,2.0,9.0,1.0,3.0,0.0,55.0,136.0,1,Command Injection
256,14.562791,890.915943,3232238584,3232238447,2404,61254,67,25,1,2.0,36.0,1.0,3.0,0.0,65535.0,1.0,0,Normal
1954,16.351218,6815.180708,3232238584,3232238447,2404,61254,67,25,1,2.0,36.0,1.0,3.0,0.0,65535.0,2.0,1,Command Injection
1963,16.354225,6845.257466,3232238447,3232238584,61254,2404,46,4,2,2.0,9.0,1.0,3.0,0.0,55.0,136.0,1,Command Injection
1873,16.305801,6561.018642,3232238447,3232238584,61254,2404,46,4,0,3.0,9.0,1.0,3.0,0.0,55.0,136.0,1,Command Injection
15095,8.27059,63928.906572,3232238447,3232238584,61254,2404,46,4,2,2.0,9.0,1.0,3.0,0.0,55.0,136.0,1,Command Injection
168,14.511345,576.451509,3232238584,3232238447,2404,61254,67,25,1,2.0,36.0,1.0,3.0,0.0,65535.0,1.0,0,Normal
15053,8.241478,63757.782592,3232238447,3232238584,61254,2404,46,4,2,2.0,9.0,1.0,3.0,0.0,55.0,136.0,1,Command Injection
1847,16.292353,6466.53155,3232238584,3232238447,2404,61254,67,25,1,2.0,36.0,1.0,3.0,0.0,65535.0,1.0,1,Command Injection
14959,8.173427,63357.278031,3232238584,3232238447,2404,61254,67,25,1,2.0,36.0,1.0,3.0,0.0,65535.0,1.0,1,Command Injection
15121,8.285255,64035.550101,3232238447,3232238584,61254,2404,46,4,2,2.0,9.0,1.0,3.0,0.0,55.0,136.0,1,Command Injection
14952,8.170488,63327.882842,3232238584,3232238447,2404,61254,67,25,1,2.0,36.0,1.0,3.0,0.0,65535.0,1.0,1,Command Injection
86,14.463593,298.930663,3232238447,3232238584,61254,2404,46,4,2,2.0,9.0,1.0,3.0,0.0,55.0,136.0,0,Normal
432,15.065191,1514.916798,3232238584,3232238447,2404,61254,67,25,1,2.0,36.0,1.0,3.0,0.0,65535.0,1.0,0,Normal
184,14.520888,631.886194,3232238447,3232238584,61254,2404,46,4,2,2.0,9.0,1.0,3.0,0.0,55.0,136.0,0,Normal
15114,8.282707,64010.074757,3232238447,3232238584,61254,2404,46,4,2,2.0,9.0,1.0,3.0,0.0,55.0,136.0,1,Command Injection
1853,16.295113,6494.130647,3232238584,3232238447,2404,61254,67,25,1,2.0,36.0,1.0,3.0,0.0,65535.0,1.0,1,Command Injection
294,14.583726,1020.266868,3232238584,3232238447,2404,61254,67,25,1,2.0,36.0,1.0,3.0,0.0,65535.0,2.0,0,Normal
15028,8.221483,63637.829134,3232238584,3232238447,2404,61254,67,25,1,2.0,36.0,1.0,3.0,0.0,65535.0,1.0,1,Command Injection
425,15.06363,1499.308398,3232238584,3232238447,2404,61254,67,25,1,2.0,36.0,1.0,3.0,0.0,65535.0,1.0,0,Normal
14849,8.095823,62901.235873,3232238584,3232238447,2404,61254,67,25,1,2.0,36.0,1.0,3.0,0.0,65535.0,3.0,1,Command Injection
260,14.564239,905.389324,3232238447,3232238584,61254,2404,46,4,2,2.0,9.0,1.0,3.0,0.0,55.0,136.0,0,Normal
237,14.552731,830.31171,3232238584,3232238447,2404,61254,67,25,1,2.0,36.0,1.0,3.0,0.0,65535.0,3.0,0,Normal
1878,16.310873,6571.73462,3232238584,3232238447,2404,61254,67,25,1,2.0,36.0,1.0,3.0,0.0,65535.0,1.0,1,Command Injection
1902,16.321733,6640.336535,3232238584,3232238447,2404,61254,67,25,1,2.0,36.0,1.0,3.0,0.0,65535.0,1.0,1,Command Injection
445,15.073333,1556.332837,3232238584,3232238447,2404,61254,67,25,1,2.0,36.0,1.0,3.0,0.0,65535.0,3.0,0,Normal
15003,8.20235,63526.5036,3232238584,3232238447,2404,61254,46,4,0,3.0,9.0,1.0,3.0,0.0,55.0,136.0,1,Command Injection
14936,8.160109,63264.091425,3232238584,3232238447,2404,61254,67,25,1,2.0,36.0,1.0,3.0,0.0,65535.0,3.0,1,Command Injection
1918,16.331016,6693.163197,3232238584,3232238447,2404,61254,67,25,1,2.0,36.0,1.0,3.0,0.0,65535.0,2.0,1,Command Injection
14985,8.191865,63461.651095,3232238584,3232238447,2404,61254,67,25,1,2.0,36.0,1.0,3.0,0.0,65535.0,1.0,1,Command Injection
265,14.57011,924.10875,3232238584,3232238447,2404,61254,67,25,1,2.0,36.0,1.0,3.0,0.0,65535.0,1.0,0,Normal
15131,8.294914,64092.145407,3232238584,3232238447,2404,61254,67,25,1,2.0,36.0,1.0,3.0,0.0,65535.0,2.0,1,Command Injection
1848,16.292454,6467.539347,3232238447,3232238584,61254,2404,46,4,2,2.0,9.0,1.0,3.0,0.0,55.0,136.0,1,Command Injection
55,14.444824,191.239578,3232238447,3232238584,61254,2404,46,4,0,3.0,9.0,1.0,3.0,0.0,55.0,136.0,0,Normal
120,14.48388,421.805248,3232238584,3232238447,2404,61254,67,25,1,2.0,36.0,1.0,3.0,0.0,65535.0,1.0,0,Normal
215,14.541456,757.567282,3232238447,3232238584,61254,2404,46,4,2,2.0,9.0,1.0,3.0,0.0,55.0,136.0,0,Normal
25,14.431186,94.867564,3232238584,3232238447,2404,61254,67,25,1,2.0,36.0,1.0,3.0,0.0,65535.0,1.0,0,Normal
72,14.454609,249.094261,3232238584,3232238447,2404,61254,67,25,1,2.0,36.0,1.0,3.0,0.0,65535.0,1.0,0,Normal
44,14.441347,156.472555,3232238584,3232238447,2404,61254,67,25,1,2.0,36.0,1.0,3.0,0.0,65535.0,1.0,0,Normal
247,14.555991,862.915875,3232238584,3232238447,2404,61254,67,25,1,2.0,36.0,1.0,3.0,0.0,65535.0,1.0,0,Normal
14857,8.102601,62929.013005,3232238584,3232238447,2404,61254,67,25,1,2.0,36.0,1.0,3.0,0.0,65535.0,1.0,1,Command Injection
281,14.575988,982.884219,3232238584,3232238447,2404,61254,67,25,1,2.0,36.0,1.0,3.0,0.0,65535.0,1.0,0,Normal
15029,8.222022,63643.228116,3232238584,3232238447,2404,61254,67,25,1,2.0,36.0,1.0,3.0,0.0,65535.0,1.0,1,Command Injection
15050,8.241305,63756.055297,3232238584,3232238447,2404,61254,46,4,0,2.0,9.0,1.0,3.0,0.0,55.0,136.0,1,Command Injection
14946,8.163809,63301.091295,3232238447,3232238584,61254,2404,46,4,2,2.0,9.0,1.0,3.0,0.0,55.0,136.0,1,Command Injection
244,14.554871,851.71597,3232238584,3232238447,2404,61254,67,25,1,2.0,36.0,1.0,3.0,0.0,65535.0,1.0,0,Normal
14958,8.172987,63352.878088,3232238584,3232238447,2404,61254,67,25,1,2.0,36.0,1.0,3.0,0.0,65535.0,1.0,1,Command Injection
321,15.000383,1106.831088,3232238584,3232238447,2404,61254,67,25,1,2.0,36.0,1.0,3.0,0.0,65535.0,1.0,0,Normal
1962,16.353719,6840.189884,3232238584,3232238447,2404,61254,67,25,1,2.0,36.0,1.0,3.0,0.0,65535.0,1.0,1,Command Injection
158,14.504106,544.066334,3232238584,3232238447,2404,61254,67,25,1,2.0,36.0,1.0,3.0,0.0,65535.0,1.0,0,Normal
15113,8.281694,63999.943871,3232238584,3232238447,2404,61254,67,25,1,2.0,36.0,1.0,3.0,0.0,65535.0,1.0,1,Command Injection
429,15.064531,1508.312933,3232238584,3232238447,2404,61254,67,25,1,2.0,36.0,1.0,3.0,0.0,65535.0,2.0,0,Normal
15077,8.254517,63848.171136,3232238584,3232238447,2404,61254,67,25,1,2.0,36.0,1.0,3.0,0.0,65535.0,2.0,1,Command Injection
462,15.084294,1625.947663,3232238584,3232238447,2404,61254,67,25,1,2.0,36.0,1.0,3.0,0.0,65535.0,1.0,0,Normal
309,14.593324,1076.246445,3232238584,3232238447,2404,61254,67,25,1,2.0,36.0,1.0,3.0,0.0,65535.0,1.0,0,Normal
14833,8.08431,62826.106826,3232238584,3232238447,2404,61254,67,25,1,2.0,36.0,1.0,3.0,0.0,65535.0,1.0,1,Command Injection
60,14.450014,203.142584,3232238447,3232238584,61254,2404,46,4,2,2.0,9.0,1.0,3.0,0.0,55.0,136.0,0,Normal
15020,8.21461,63609.105869,3232238584,3232238447,2404,61254,46,4,0,2.0,9.0,1.0,3.0,0.0,55.0,136.0,1,Command Injection
1914,16.325694,6679.941363,3232238584,3232238447,2404,61254,67,25,1,2.0,36.0,1.0,3.0,0.0,65535.0,1.0,1,Command Injection
14903,8.13425,63125.504476,3232238584,3232238447,2404,61254,67,25,1,2.0,36.0,1.0,3.0,0.0,65535.0,1.0,1,Command Injection
1968,16.360259,6865.598304,3232238584,3232238447,2404,61254,67,25,1,2.0,36.0,1.0,3.0,0.0,65535.0,1.0,1,Command Injection
1969,16.36068,6869.800179,3232238584,3232238447,2404,61254,67,25,1,2.0,36.0,1.0,3.0,0.0,65535.0,1.0,1,Command Injection
15001,8.201336,63516.362414,3232238447,3232238584,61254,2404,46,4,2,2.0,9.0,1.0,3.0,0.0,55.0,136.0,1,Command Injection
1987,16.365751,6920.514421,3232238447,3232238584,61254,2404,46,4,2,2.0,9.0,1.0,3.0,0.0,55.0,136.0,1,Command Injection
298,14.58501,1033.103094,3232238584,3232238447,2404,61254,67,25,1,2.0,36.0,1.0,3.0,0.0,65535.0,1.0,0,Normal
14825,8.081598,62798.987423,3232238447,3232238584,61254,2404,46,4,2,2.0,9.0,1.0,3.0,0.0,55.0,136.0,1,Command Injection
314,14.594324,1086.242025,3232238584,3232238447,2404,61254,67,25,1,2.0,36.0,1.0,3.0,0.0,65535.0,1.0,0,Normal
310,14.593424,1077.24848,3232238447,3232238584,61254,2404,46,4,2,2.0,9.0,1.0,3.0,0.0,55.0,136.0,0,Normal
361,15.023909,1262.093878,3232238584,3232238447,2404,61254,67,25,1,2.0,36.0,1.0,3.0,0.0,65535.0,1.0,0,Normal
479,15.094337,1686.378692,3232238584,3232238447,2404,61254,67,25,1,2.0,36.0,1.0,3.0,0.0,65535.0,1.0,0,Normal
110,14.480575,388.75876,3232238584,3232238447,2404,61254,67,25,1,2.0,36.0,1.0,3.0,0.0,65535.0,1.0,0,Normal
15125,8.291821,64061.212214,3232238584,3232238447,2404,61254,46,4,0,3.0,9.0,1.0,3.0,0.0,55.0,136.0,1,Command Injection
486,15.100138,1704.381003,3232238584,3232238447,2404,61254,67,25,1,2.0,36.0,1.0,3.0,0.0,65535.0,1.0,0,Normal
363,15.024284,1265.845172,3232238584,3232238447,2404,61254,67,25,1,2.0,36.0,1.0,3.0,0.0,65535.0,1.0,0,Normal
254,14.562131,884.316136,3232238584,3232238447,2404,61254,67,25,1,2.0,36.0,1.0,3.0,0.0,65535.0,1.0,0,Normal
259,14.563531,898.316639,3232238584,3232238447,2404,61254,82,40,1,2.0,36.0,2.0,3.0,0.0,65535.0,4.0,0,Normal
14938,8.160409,63267.092346,3232238584,3232238447,2404,61254,67,25,1,2.0,36.0,1.0,3.0,0.0,65535.0,1.0,1,Command Injection
1996,16.371943,6942.433163,3232238584,3232238447,2404,61254,67,25,1,2.0,36.0,1.0,3.0,0.0,65535.0,1.0,1,Command Injection
494,15.103861,1741.614813,3232238584,3232238447,2404,61254,67,25,1,2.0,36.0,1.0,3.0,0.0,65535.0,1.0,0,Normal
1989,16.370002,6923.022653,3232238584,3232238447,2404,61254,67,25,1,2.0,36.0,1.0,3.0,0.0,65535.0,1.0,1,Command Injection
377,15.034025,1323.253107,3232238584,3232238447,2404,61254,67,25,1,2.0,36.0,1.0,3.0,0.0,65535.0,1.0,0,Normal
1845,16.291415,6457.158624,3232238584,3232238447,2404,61254,67,25,1,2.0,36.0,1.0,3.0,0.0,65535.0,1.0,1,Command Injection
14981,8.190806,63451.064191,3232238584,3232238447,2404,61254,46,4,0,2.0,9.0,1.0,3.0,0.0,55.0,136.0,1,Command Injection
137,14.492841,471.412533,3232238584,3232238447,2404,61254,67,25,1,2.0,36.0,1.0,3.0,0.0,65535.0,2.0,0,Normal
355,15.021183,1234.834399,3232238584,3232238447,2404,61254,67,25,1,2.0,36.0,1.0,3.0,0.0,65535.0,1.0,0,Normal
365,15.025404,1277.048947,3232238584,3232238447,2404,61254,67,25,1,2.0,36.0,1.0,3.0,0.0,65535.0,1.0,0,Normal
15078,8.254661,63849.617195,3232238584,3232238447,2404,61254,67,25,1,2.0,36.0,1.0,3.0,0.0,65535.0,1.0,1,Command Injection
14885,8.120577,63028.76916,3232238447,3232238584,61254,2404,46,4,2,2.0,9.0,1.0,3.0,0.0,55.0,136.0,1,Command Injection
15084,8.261818,63881.187256,3232238584,3232238447,2404,61254,67,25,1,2.0,36.0,1.0,3.0,0.0,65535.0,1.0,1,Command Injection
14965,8.180187,63384.873338,3232238584,3232238447,2404,61254,67,25,1,2.0,36.0,1.0,3.0,0.0,65535.0,1.0,1,Command Injection
1975,16.36172,6880.202738,3232238584,3232238447,2404,61254,67,25,1,2.0,36.0,1.0,3.0,0.0,65535.0,3.0,1,Command Injection
199,14.532027,703.277343,3232238447,3232238584,61254,2404,46,4,2,2.0,9.0,1.0,3.0,0.0,55.0,136.0,0,Normal
213,14.540449,747.494037,3232238584,3232238447,2404,61254,67,25,1,2.0,36.0,1.0,3.0,0.0,65535.0,1.0,0,Normal
408,15.052568,1428.682167,3232238584,3232238447,2404,61254,67,25,1,2.0,36.0,1.0,3.0,0.0,65535.0,1.0,0,Normal
332,15.004362,1146.622851,3232238584,3232238447,2404,61254,67,25,1,2.0,36.0,1.0,3.0,0.0,65535.0,1.0,0,Normal
208,14.534438,727.38086,3232238447,3232238584,61254,2404,46,4,2,2.0,9.0,1.0,3.0,0.0,55.0,136.0,0,Normal
1932,16.335915,6742.157718,3232238584,3232238447,2404,61254,67,25,1,2.0,36.0,1.0,3.0,0.0,65535.0,1.0,1,Command Injection
78,14.46101,273.106006,3232238584,3232238447,2404,61254,67,25,1,2.0,36.0,1.0,3.0,0.0,65535.0,1.0,0,Normal
29,14.432226,105.266058,3232238584,3232238447,2404,61254,67,25,1,2.0,36.0,1.0,3.0,0.0,65535.0,2.0,0,Normal
1854,16.295214,6495.139246,3232238447,3232238584,61254,2404,46,4,2,2.0,9.0,1.0,3.0,0.0,55.0,136.0,1,Command Injection
14831,8.083391,62816.913949,3232238584,3232238447,2404,61254,67,25,1,2.0,36.0,1.0,3.0,0.0,65535.0,1.0,1,Command Injection
1876,16.310541,6568.41701,3232238447,3232238584,61254,2404,46,4,2,2.0,9.0,1.0,3.0,0.0,55.0,136.0,1,Command Injection
14972,8.182446,63407.468518,3232238584,3232238447,2404,61254,67,25,1,2.0,36.0,1.0,3.0,0.0,65535.0,1.0,1,Command Injection
1915,16.325994,6682.942385,3232238584,3232238447,2404,61254,67,25,1,2.0,36.0,1.0,3.0,0.0,65535.0,1.0,1,Command Injection
165,14.510445,567.450736,3232238584,3232238447,2404,61254,67,25,1,2.0,36.0,1.0,3.0,0.0,65535.0,1.0,0,Normal
15054,8.242317,63766.177484,3232238584,3232238447,2404,61254,67,25,1,2.0,36.0,1.0,3.0,0.0,65535.0,1.0,1,Command Injection
495,15.104239,1745.393703,3232238584,3232238447,2404,61254,67,25,1,2.0,36.0,1.0,3.0,0.0,65535.0,1.0,0,Normal
14960,8.173707,63360.078057,3232238584,3232238447,2404,61254,67,25,1,2.0,36.0,1.0,3.0,0.0,65535.0,2.0,1,Command Injection
65,14.451888,221.884138,3232238584,3232238447,2404,61254,67,25,1,2.0,36.0,1.0,3.0,0.0,65535.0,1.0,0,Normal
141,14.494921,492.217291,3232238584,3232238447,2404,61254,67,25,1,2.0,36.0,1.0,3.0,0.0,65535.0,1.0,0,Normal
15061,8.244818,63791.183511,3232238447,3232238584,61254,2404,46,4,2,2.0,9.0,1.0,3.0,0.0,55.0,136.0,1,Command Injection
14963,8.174627,63369.276772,3232238584,3232238447,2404,61254,67,25,1,2.0,36.0,1.0,3.0,0.0,65535.0,1.0,1,Command Injection
1974,16.36166,6879.603031,3232238584,3232238447,2404,61254,67,25,1,2.0,36.0,1.0,3.0,0.0,65535.0,1.0,1,Command Injection
331,15.004002,1143.022885,3232238584,3232238447,2404,61254,67,25,1,2.0,36.0,1.0,3.0,0.0,65535.0,1.0,0,Normal
1983,16.363541,6898.412336,3232238584,3232238447,2404,61254,67,25,1,2.0,36.0,1.0,3.0,0.0,65535.0,1.0,1,Command Injection
249,14.560851,871.516345,3232238584,3232238447,2404,61254,67,25,1,2.0,36.0,1.0,3.0,0.0,65535.0,1.0,0,Normal
15043,8.234186,63724.866215,3232238447,3232238584,61254,2404,46,4,2,2.0,9.0,1.0,3.0,0.0,55.0,136.0,1,Command Injection
14844,8.093266,62875.664835,3232238447,3232238584,61254,2404,46,4,2,2.0,9.0,1.0,3.0,0.0,55.0,136.0,1,Command Injection
305,14.591685,1059.852745,3232238584,3232238447,2404,61254,67,25,1,2.0,36.0,1.0,3.0,0.0,65535.0,1.0,0,Normal
14870,8.110798,62970.982913,3232238584,3232238447,2404,61254,67,25,1,2.0,36.0,1.0,3.0,0.0,65535.0,1.0,1,Command Injection
15111,8.281013,63993.135281,3232238584,3232238447,2404,61254,67,25,1,2.0,36.0,1.0,3.0,0.0,65535.0,1.0,1,Command Injection
49,14.442727,170.275231,3232238584,3232238447,2404,61254,67,25,1,2.0,36.0,1.0,3.0,0.0,65535.0,1.0,0,Normal
15032,8.224051,63663.510121,3232238584,3232238447,2404,61254,46,4,0,3.0,9.0,1.0,3.0,0.0,55.0,136.0,1,Command Injection
2,14.414519,8.191193,3232238584,3232238447,2404,61254,90,21,1,2.0,31.0,1.0,3.0,0.0,65535.0,0.0,0,Normal
1863,16.301713,6520.135879,3232238584,3232238447,2404,61254,67,25,1,2.0,36.0,1.0,3.0,0.0,65535.0,1.0,1,Command Injection
350,15.014548,1208.480506,3232238584,3232238447,2404,61254,67,25,1,2.0,36.0,1.0,3.0,0.0,65535.0,1.0,0,Normal
15040,8.232705,63710.05552,3232238447,3232238584,61254,2404,46,4,0,3.0,9.0,1.0,3.0,0.0,55.0,136.0,1,Command Injection
1855,16.295433,6497.329506,3232238584,3232238447,2404,61254,67,25,1,2.0,36.0,1.0,3.0,0.0,65535.0,1.0,1,Command Injection
344,15.012881,1191.8188,3232238584,3232238447,2404,61254,67,25,1,2.0,36.0,1.0,3.0,0.0,65535.0,1.0,0,Normal
15130,8.294454,64087.546607,3232238584,3232238447,2404,61254,67,25,1,2.0,36.0,1.0,3.0,0.0,65535.0,1.0,1,Command Injection
481,15.0948,1691.007295,3232238584,3232238447,2404,61254,67,25,1,2.0,36.0,1.0,3.0,0.0,65535.0,1.0,0,Normal
1894,16.315593,6618.93235,3232238584,3232238447,2404,61254,67,25,1,2.0,36.0,1.0,3.0,0.0,65535.0,1.0,1,Command Injection
33,14.433326,116.266485,3232238584,3232238447,2404,61254,67,25,1,2.0,36.0,1.0,3.0,0.0,65535.0,1.0,0,Normal
31,14.432886,111.866098,3232238584,3232238447,2404,61254,67,25,1,2.0,36.0,1.0,3.0,0.0,65535.0,1.0,0,Normal
231,14.55097,812.707245,3232238584,3232238447,2404,61254,67,25,1,2.0,36.0,1.0,3.0,0.0,65535.0,1.0,0,Normal
15099,8.271835,63941.356162,3232238447,3232238584,61254,2404,46,4,2,2.0,9.0,1.0,3.0,0.0,55.0,136.0,1,Command Injection
192,14.524666,669.66643,3232238584,3232238447,2404,61254,67,25,1,2.0,36.0,1.0,3.0,0.0,65535.0,1.0,0,Normal
333,15.004685,1149.853058,3232238584,3232238447,2404,61254,67,25,1,2.0,36.0,1.0,3.0,0.0,65535.0,1.0,0,Normal
3,14.414519,8.191193,3232238584,3232238447,2404,61254,90,25,1,2.0,36.0,1.0,3.0,0.0,65535.0,1.0,0,Normal
204,14.533228,715.279326,3232238584,3232238447,2404,61254,67,25,1,2.0,36.0,1.0,3.0,0.0,65535.0,2.0,0,Normal
1833,16.285191,6434.91647,3232238584,3232238447,2404,61254,67,25,1,2.0,36.0,1.0,3.0,0.0,65535.0,1.0,1,Command Injection
14935,8.155289,63255.889743,3232238584,3232238447,2404,61254,67,25,1,2.0,36.0,1.0,3.0,0.0,65535.0,1.0,1,Command Injection
306,14.592293,1065.936709,3232238447,3232238584,61254,2404,46,4,2,2.0,9.0,1.0,3.0,0.0,55.0,136.0,0,Normal
109,14.480315,386.157513,3232238584,3232238447,2404,61254,67,25,1,2.0,36.0,1.0,3.0,0.0,65535.0,1.0,0,Normal
430,15.064632,1509.323915,3232238447,3232238584,61254,2404,46,4,2,2.0,9.0,1.0,3.0,0.0,55.0,136.0,0,Normal
77,14.46025,265.503227,3232238584,3232238447,2404,61254,67,25,1,2.0,36.0,1.0,3.0,0.0,65535.0,1.0,0,Normal
84,14.463071,293.71474,3232238584,3232238447,2404,61254,67,25,1,2.0,36.0,1.0,3.0,0.0,65535.0,1.0,0,Normal
286,14.581122,994.220082,3232238447,3232238584,61254,2404,46,4,2,2.0,9.0,1.0,3.0,0.0,55.0,136.0,0,Normal
82,14.462479,287.791465,3232238447,3232238584,61254,2404,46,4,2,2.0,9.0,1.0,3.0,0.0,55.0,136.0,0,Normal
15127,8.292934,64072.347864,3232238584,3232238447,2404,61254,67,25,1,2.0,36.0,1.0,3.0,0.0,65535.0,1.0,1,Command Injection
14925,8.151249,63215.491068,3232238584,3232238447,2404,61254,67,25,1,2.0,36.0,1.0,3.0,0.0,65535.0,1.0,1,Command Injection
15030,8.222529,63648.295997,3232238447,3232238584,61254,2404,46,4,2,2.0,9.0,1.0,3.0,0.0,55.0,136.0,1,Command Injection
398,15.04537,1396.699694,3232238447,3232238584,61254,2404,46,4,2,2.0,9.0,1.0,3.0,0.0,55.0,136.0,0,Normal
323,15.000943,1112.430757,3232238447,3232238584,61254,2404,46,4,2,2.0,9.0,1.0,3.0,0.0,55.0,136.0,0,Normal
1838,16.285992,6442.920998,3232238584,3232238447,2404,61254,67,25,1,2.0,36.0,1.0,3.0,0.0,65535.0,1.0,1,Command Injection
15052,8.241378,63756.780703,3232238584,3232238447,2404,61254,67,25,1,2.0,36.0,1.0,3.0,0.0,65535.0,1.0,1,Command Injection
15058,8.243757,63780.57424,3232238584,3232238447,2404,61254,67,25,1,2.0,36.0,1.0,3.0,0.0,65535.0,1.0,1,Command Injection
5,14.415427,17.276845,3232238584,3232238447,2404,61254,67,25,1,2.0,36.0,1.0,3.0,0.0,65535.0,1.0,0,Normal
14867,8.105979,62962.795096,3232238447,3232238584,61254,2404,46,4,2,2.0,9.0,1.0,3.0,0.0,55.0,136.0,1,Command Injection
465,15.084795,1630.949746,3232238584,3232238447,2404,61254,67,25,1,2.0,36.0,1.0,3.0,0.0,65535.0,1.0,0,Normal
97,14.472333,346.338945,3232238584,3232238447,2404,61254,67,25,1,2.0,36.0,1.0,3.0,0.0,65535.0,3.0,0,Normal
266,14.570413,927.136315,3232238447,3232238584,61254,2404,46,4,2,2.0,9.0,1.0,3.0,0.0,55.0,136.0,0,Normal
357,15.02321,1255.101942,3232238447,3232238584,61254,2404,46,4,0,2.0,9.0,1.0,3.0,0.0,55.0,136.0,0,Normal
15004,8.202643,63529.434221,3232238584,3232238447,2404,61254,67,25,1,2.0,36.0,1.0,3.0,0.0,65535.0,1.0,1,Command Injection
14934,8.15484,63251.405323,3232238447,3232238584,61254,2404,46,4,2,2.0,9.0,1.0,3.0,0.0,55.0,136.0,1,Command Injection
380,15.034525,1328.253065,3232238584,3232238447,2404,61254,67,25,1,2.0,36.0,1.0,3.0,0.0,65535.0,1.0,0,Normal
1950,16.344797,6790.972478,3232238584,3232238447,2404,61254,67,25,1,2.0,36.0,1.0,3.0,0.0,65535.0,1.0,1,Command Injection
381,15.035031,1333.313117,3232238447,3232238584,61254,2404,46,4,2,2.0,9.0,1.0,3.0,0.0,55.0,136.0,0,Normal
490,15.102759,1730.591944,3232238584,3232238447,2404,61254,67,25,1,2.0,36.0,1.0,3.0,0.0,65535.0,1.0,0,Normal
118,14.483098,413.986411,3232238447,3232238584,61254,2404,46,4,2,2.0,9.0,1.0,3.0,0.0,55.0,136.0,0,Normal
15036,8.225825,63681.258685,3232238584,3232238447,2404,61254,67,25,1,2.0,36.0,1.0,3.0,0.0,65535.0,1.0,1,Command Injection
250,14.560953,872.530378,3232238447,3232238584,61254,2404,46,4,2,2.0,9.0,1.0,3.0,0.0,55.0,136.0,0,Normal
1842,16.290635,6449.349392,3232238584,3232238447,2404,61254,67,25,1,2.0,36.0,1.0,3.0,0.0,65535.0,1.0,1,Command Injection
9,14.420814,31.140028,3232238447,3232238584,61254,2404,46,4,2,2.0,9.0,1.0,3.0,0.0,55.0,136.0,0,Normal
196,14.530987,692.878707,3232238584,3232238447,2404,61254,67,25,1,2.0,36.0,1.0,3.0,0.0,65535.0,1.0,0,Normal
1922,16.332374,6706.747824,3232238584,3232238447,2404,61254,67,25,1,2.0,36.0,1.0,3.0,0.0,65535.0,1.0,1,Command Injection
81,14.46177,280.708735,3232238584,3232238447,2404,61254,67,25,1,2.0,36.0,1.0,3.0,0.0,65535.0,1.0,0,Normal
14919,8.143976,63182.763767,3232238447,3232238584,61254,2404,46,4,2,2.0,9.0,1.0,3.0,0.0,55.0,136.0,1,Command Injection
1906,16.322973,6652.73816,3232238584,3232238447,2404,61254,67,25,1,2.0,36.0,1.0,3.0,0.0,65535.0,1.0,1,Command Injection
14933,8.154232,63245.328119,3232238584,3232238447,2404,61254,67,25,1,2.0,36.0,1.0,3.0,0.0,65535.0,1.0,1,Command Injection
239,14.553321,836.216973,3232238447,3232238584,61254,2404,46,4,0,3.0,9.0,1.0,3.0,0.0,55.0,136.0,0,Normal
290,14.582128,1004.281737,3232238447,3232238584,61254,2404,46,4,2,2.0,9.0,1.0,3.0,0.0,55.0,136.0,0,Normal
211,14.535588,738.885489,3232238584,3232238447,2404,61254,67,25,1,2.0,36.0,1.0,3.0,0.0,65535.0,1.0,0,Normal
14853,8.101222,62915.223379,3232238584,3232238447,2404,61254,67,25,1,2.0,36.0,1.0,3.0,0.0,65535.0,1.0,1,Command Injection
359,15.023284,1255.841434,3232238584,3232238447,2404,61254,67,25,1,2.0,36.0,1.0,3.0,0.0,65535.0,1.0,0,Normal
449,15.074633,1569.335496,3232238584,3232238447,2404,61254,67,25,1,2.0,36.0,1.0,3.0,0.0,65535.0,2.0,0,Normal
227,14.54471,790.101824,3232238584,3232238447,2404,61254,67,25,1,2.0,36.0,1.0,3.0,0.0,65535.0,1.0,0,Normal
15086,8.262705,63890.049198,3232238584,3232238447,2404,61254,46,4,0,2.0,9.0,1.0,3.0,0.0,55.0,136.0,1,Command Injection
15082,8.260616,63869.166507,3232238584,3232238447,2404,61254,67,25,1,2.0,36.0,1.0,3.0,0.0,65535.0,3.0,1,Command Injection
14932,8.153831,63241.317959,3232238584,3232238447,2404,61254,67,25,1,2.0,36.0,1.0,3.0,0.0,65535.0,1.0,1,Command Injection
1820,16.28051,6388.100702,3232238584,3232238447,2404,61254,67,25,1,2.0,36.0,1.0,3.0,0.0,65535.0,2.0,1,Command Injection
464,15.084737,1630.377787,3232238584,3232238447,2404,61254,67,25,1,2.0,36.0,1.0,3.0,0.0,65535.0,2.0,0,Normal
362,15.024124,1264.244327,3232238584,3232238447,2404,61254,67,25,1,2.0,36.0,1.0,3.0,0.0,65535.0,2.0,0,Normal
468,15.085595,1638.954453,3232238584,3232238447,2404,61254,67,25,1,2.0,36.0,1.0,3.0,0.0,65535.0,1.0,0,Normal
15071,8.252817,63831.171811,3232238584,3232238447,2404,61254,67,25,1,2.0,36.0,1.0,3.0,0.0,65535.0,1.0,1,Command Injection
428,15.064519,1508.19387,3232238447,3232238584,61254,2404,46,4,0,3.0,9.0,1.0,3.0,0.0,55.0,136.0,0,Normal
7,14.415827,21.27642,3232238584,3232238447,2404,61254,67,25,1,2.0,36.0,1.0,3.0,0.0,65535.0,1.0,0,Normal
155,14.502923,532.237772,3232238584,3232238447,2404,61254,67,25,1,2.0,36.0,1.0,3.0,0.0,65535.0,2.0,0,Normal
1860,16.301393,6516.934926,3232238584,3232238447,2404,61254,67,25,1,2.0,36.0,1.0,3.0,0.0,65535.0,1.0,1,Command Injection
440,15.071332,1536.325267,3232238584,3232238447,2404,61254,67,25,1,2.0,36.0,1.0,3.0,0.0,65535.0,1.0,0,Normal
482,15.094838,1691.379884,3232238584,3232238447,2404,61254,67,25,1,2.0,36.0,1.0,3.0,0.0,65535.0,2.0,0,Normal
422,15.061956,1482.567521,3232238584,3232238447,2404,61254,67,25,1,2.0,36.0,1.0,3.0,0.0,65535.0,1.0,0,Normal
14914,8.141989,63162.895425,3232238584,3232238447,2404,61254,67,25,1,2.0,36.0,1.0,3.0,0.0,65535.0,1.0,1,Command Injection
15085,8.262395,63886.95902,3232238584,3232238447,2404,61254,67,25,1,2.0,36.0,1.0,3.0,0.0,65535.0,1.0,1,Command Injection
334,15.004886,1151.86879,3232238447,3232238584,61254,2404,46,4,2,2.0,9.0,1.0,3.0,0.0,55.0,136.0,0,Normal
1895,16.315793,6620.933334,3232238584,3232238447,2404,61254,67,25,1,2.0,36.0,1.0,3.0,0.0,65535.0,1.0,1,Command Injection
15070,8.252257,63825.57196,3232238584,3232238447,2404,61254,67,25,1,2.0,36.0,1.0,3.0,0.0,65535.0,1.0,1,Command Injection
1886,16.313173,6594.730946,3232238584,3232238447,2404,61254,67,25,1,2.0,36.0,1.0,3.0,0.0,65535.0,1.0,1,Command Injection
1913,16.325214,6675.139692,3232238584,3232238447,2404,61254,67,25,1,2.0,36.0,1.0,3.0,0.0,65535.0,1.0,1,Command Injection
1849,16.294113,6484.132979,3232238584,3232238447,2404,61254,67,25,1,2.0,36.0,1.0,3.0,0.0,65535.0,1.0,1,Command Injection
1900,16.321317,6636.17243,3232238447,3232238584,61254,2404,46,4,2,2.0,9.0,1.0,3.0,0.0,55.0,136.0,1,Command Injection
14843,8.093166,62874.662305,3232238584,3232238447,2404,61254,67,25,1,2.0,36.0,1.0,3.0,0.0,65535.0,1.0,1,Command Injection
448,15.074393,1566.936467,3232238447,3232238584,61254,2404,46,4,2,2.0,9.0,1.0,3.0,0.0,55.0,136.0,0,Normal
453,15.080679,1589.792165,3232238584,3232238447,2404,61254,67,25,1,2.0,36.0,1.0,3.0,0.0,65535.0,1.0,0,Normal
228,14.54501,793.102974,3232238584,3232238447,2404,61254,67,25,1,2.0,36.0,1.0,3.0,0.0,65535.0,1.0,0,Normal
352,15.015282,1215.824914,3232238584,3232238447,2404,61254,67,25,1,2.0,36.0,1.0,3.0,0.0,65535.0,1.0,0,Normal
14864,8.104722,62950.221812,3232238447,3232238584,61254,2404,46,4,2,2.0,9.0,1.0,3.0,0.0,55.0,136.0,1,Command Injection
212,14.535689,739.89184,3232238447,3232238584,61254,2404,46,4,2,2.0,9.0,1.0,3.0,0.0,55.0,136.0,0,Normal
79,14.461212,275.121544,3232238447,3232238584,61254,2404,46,4,2,2.0,9.0,1.0,3.0,0.0,55.0,136.0,0,Normal
148,14.500582,508.827371,3232238584,3232238447,2404,61254,67,25,1,2.0,36.0,1.0,3.0,0.0,65535.0,1.0,0,Normal
302,14.590112,1044.125124,3232238584,3232238447,2404,61254,67,25,1,2.0,36.0,1.0,3.0,0.0,65535.0,1.0,0,Normal
1947,16.343837,6781.370607,3232238584,3232238447,2404,61254,67,25,1,2.0,36.0,1.0,3.0,0.0,65535.0,1.0,1,Command Injection
14913,8.141349,63156.495656,3232238584,3232238447,2404,61254,67,25,1,2.0,36.0,1.0,3.0,0.0,65535.0,1.0,1,Command Injection
1825,16.28181,6401.103409,3232238584,3232238447,2404,61254,67,25,1,2.0,36.0,1.0,3.0,0.0,65535.0,1.0,1,Command Injection
342,15.011921,1182.218374,3232238584,3232238447,2404,61254,67,25,1,2.0,36.0,1.0,3.0,0.0,65535.0,1.0,0,Normal
485,15.095781,1700.810804,3232238447,3232238584,61254,2404,46,4,2,2.0,9.0,1.0,3.0,0.0,55.0,136.0,0,Normal
14847,8.095208,62895.083681,3232238447,3232238584,61254,2404,46,4,0,3.0,9.0,1.0,3.0,0.0,55.0,136.0,1,Command Injection
133,14.49238,466.804429,3232238584,3232238447,2404,61254,67,25,1,2.0,36.0,1.0,3.0,0.0,65535.0,1.0,0,Normal
14839,8.091667,62859.677819,3232238584,3232238447,2404,61254,67,25,1,2.0,36.0,1.0,3.0,0.0,65535.0,1.0,1,Command Injection
311,14.593724,1080.245239,3232238584,3232238447,2404,61254,67,25,1,2.0,36.0,1.0,3.0,0.0,65535.0,1.0,0,Normal
14858,8.102965,62932.654577,3232238584,3232238447,2404,61254,67,25,1,2.0,36.0,1.0,3.0,0.0,65535.0,1.0,1,Command Injection
1948,16.344157,6784.571635,3232238584,3232238447,2404,61254,67,25,1,2.0,36.0,1.0,3.0,0.0,65535.0,1.0,1,Command Injection
0,14.414498,7.988096,3232238447,3232238584,61254,2404,46,4,0,0.0,9.0,1.0,3.0,0.0,55.0,136.0,0,Normal
316,14.594843,1091.438775,3232238584,3232238447,2404,61254,67,25,1,2.0,36.0,1.0,3.0,0.0,65535.0,1.0,0,Normal
14842,8.092926,62872.264635,3232238584,3232238447,2404,61254,67,25,1,2.0,36.0,1.0,3.0,0.0,65535.0,2.0,1,Command Injection
1866,16.302413,6527.136904,3232238584,3232238447,2404,61254,67,25,1,2.0,36.0,1.0,3.0,0.0,65535.0,1.0,1,Command Injection
15008,8.204182,63544.819799,3232238584,3232238447,2404,61254,67,25,1,2.0,36.0,1.0,3.0,0.0,65535.0,1.0,1,Command Injection
1851,16.294402,6487.021407,3232238447,3232238584,61254,2404,46,4,0,3.0,9.0,1.0,3.0,0.0,55.0,136.0,1,Command Injection
477,15.093637,1679.37628,3232238584,3232238447,2404,61254,67,25,1,2.0,36.0,1.0,3.0,0.0,65535.0,1.0,0,Normal
404,15.050891,1411.916478,3232238584,3232238447,2404,61254,67,25,1,2.0,36.0,1.0,3.0,0.0,65535.0,1.0,0,Normal
172,14.512566,588.659913,3232238584,3232238447,2404,61254,67,25,1,2.0,36.0,1.0,3.0,0.0,65535.0,1.0,0,Normal
125,14.485518,438.187731,3232238584,3232238447,2404,61254,67,25,1,2.0,36.0,1.0,3.0,0.0,65535.0,1.0,0,Normal
394,15.04426,1385.605333,3232238447,3232238584,61254,2404,46,4,2,2.0,9.0,1.0,3.0,0.0,55.0,136.0,0,Normal
420,15.060999,1472.989168,3232238447,3232238584,61254,2404,46,4,2,2.0,9.0,1.0,3.0,0.0,55.0,136.0,0,Normal
1871,16.305553,6558.535768,3232238584,3232238447,2404,61254,67,25,1,2.0,36.0,1.0,3.0,0.0,65535.0,1.0,1,Command Injection
15039,8.232705,63710.055264,3232238584,3232238447,2404,61254,46,4,0,2.0,9.0,1.0,3.0,0.0,55.0,136.0,1,Command Injection
90,14.465873,321.73013,3232238584,3232238447,2404,61254,67,25,1,2.0,36.0,1.0,3.0,0.0,65535.0,1.0,0,Normal
15075,8.25396,63842.60225,3232238584,3232238447,2404,61254,67,25,1,2.0,36.0,1.0,3.0,0.0,65535.0,1.0,1,Command Injection
181,14.515905,622.050941,3232238584,3232238447,2404,61254,67,25,1,2.0,36.0,1.0,3.0,0.0,65535.0,1.0,0,Normal
274,14.572829,951.298105,3232238584,3232238447,2404,61254,67,25,1,2.0,36.0,1.0,3.0,0.0,65535.0,3.0,0,Normal
15031,8.224051,63663.509763,3232238447,3232238584,61254,2404,46,4,0,2.0,9.0,1.0,3.0,0.0,55.0,136.0,1,Command Injection
69,14.45279,230.903081,3232238584,3232238447,2404,61254,67,25,1,2.0,36.0,1.0,3.0,0.0,65535.0,1.0,0,Normal
291,14.582607,1009.072527,3232238584,3232238447,2404,61254,67,25,1,2.0,36.0,1.0,3.0,0.0,65535.0,1.0,0,Normal
131,14.4914,456.999459,3232238584,3232238447,2404,61254,67,25,1,2.0,36.0,1.0,3.0,0.0,65535.0,1.0,0,Normal
300,14.585886,1041.859343,3232238584,3232238447,2404,61254,67,25,1,2.0,36.0,1.0,3.0,0.0,65535.0,1.0,0,Normal
424,15.062573,1488.730241,3232238447,3232238584,61254,2404,46,4,2,2.0,9.0,1.0,3.0,0.0,55.0,136.0,0,Normal
326,15.002269,1125.691508,3232238447,3232238584,61254,2404,46,4,2,2.0,9.0,1.0,3.0,0.0,55.0,136.0,0,Normal
144,14.495662,499.621887,3232238584,3232238447,2404,61254,67,25,1,2.0,36.0,1.0,3.0,0.0,65535.0,1.0,0,Normal
423,15.06227,1485.703403,3232238584,3232238447,2404,61254,67,25,1,2.0,36.0,1.0,3.0,0.0,65535.0,1.0,0,Normal
1899,16.321013,6633.136693,3232238584,3232238447,2404,61254,67,25,1,2.0,36.0,1.0,3.0,0.0,65535.0,1.0,1,Command Injection
135,14.492541,468.41784,3232238447,3232238584,61254,2404,46,4,2,2.0,9.0,1.0,3.0,0.0,55.0,136.0,0,Normal
450,15.075233,1575.337658,3232238584,3232238447,2404,61254,67,25,1,2.0,36.0,1.0,3.0,0.0,65535.0,1.0,0,Normal
164,14.510375,566.750503,3232238447,3232238584,61254,2404,46,4,2,2.0,9.0,1.0,3.0,0.0,55.0,136.0,0,Normal
28,14.432126,104.266276,3232238584,3232238447,2404,61254,67,25,1,2.0,36.0,1.0,3.0,0.0,65535.0,3.0,0,Normal
14909,8.14001,63143.108742,3232238584,3232238447,2404,61254,67,25,1,2.0,36.0,1.0,3.0,0.0,65535.0,3.0,1,Command Injection
193,14.524969,672.697986,3232238447,3232238584,61254,2404,46,4,2,2.0,9.0,1.0,3.0,0.0,55.0,136.0,0,Normal
388,15.041588,1358.882037,3232238447,3232238584,61254,2404,46,4,2,2.0,9.0,1.0,3.0,0.0,55.0,136.0,0,Normal
14988,8.192888,63471.886726,3232238447,3232238584,61254,2404,46,4,2,2.0,9.0,1.0,3.0,0.0,55.0,136.0,1,Command Injection
169,14.511445,577.451877,3232238447,3232238584,61254,2404,46,4,2,2.0,9.0,1.0,3.0,0.0,55.0,136.0,0,Normal
14841,8.092227,62865.271693,3232238584,3232238447,2404,61254,67,25,1,2.0,36.0,1.0,3.0,0.0,65535.0,1.0,1,Command Injection
140,14.494621,489.217274,3232238584,3232238447,2404,61254,67,25,1,2.0,36.0,1.0,3.0,0.0,65535.0,1.0,0,Normal
173,14.513025,593.250973,3232238584,3232238447,2404,61254,67,25,1,2.0,36.0,1.0,3.0,0.0,65535.0,2.0,0,Normal
6,14.415528,18.283907,3232238447,3232238584,61254,2404,46,4,2,2.0,9.0,1.0,3.0,0.0,55.0,136.0,0,Normal
14881,8.115574,63018.747569,3232238584,3232238447,2404,61254,67,25,1,2.0,36.0,1.0,3.0,0.0,65535.0,1.0,1,Command Injection
478,15.094037,1683.377811,3232238584,3232238447,2404,61254,67,25,1,2.0,36.0,1.0,3.0,0.0,65535.0,1.0,0,Normal
73,14.45471,250.099686,3232238447,3232238584,61254,2404,46,4,2,2.0,9.0,1.0,3.0,0.0,55.0,136.0,0,Normal
15046,8.234779,63730.790413,3232238584,3232238447,2404,61254,67,25,1,2.0,36.0,1.0,3.0,0.0,65535.0,1.0,1,Command Injection
14949,8.165806,63321.068961,3232238447,3232238584,61254,2404,46,4,0,3.0,9.0,1.0,3.0,0.0,55.0,136.0,1,Command Injection
238,14.553321,836.216687,3232238584,3232238447,2404,61254,46,4,0,2.0,9.0,1.0,3.0,0.0,55.0,136.0,0,Normal
145,14.500022,503.22358,3232238584,3232238447,2404,61254,67,25,1,2.0,36.0,1.0,3.0,0.0,65535.0,1.0,0,Normal
14928,8.152729,63230.295441,3232238584,3232238447,2404,61254,67,25,1,2.0,36.0,1.0,3.0,0.0,65535.0,1.0,1,Command Injection
234,14.55127,815.708177,3232238584,3232238447,2404,61254,67,25,1,2.0,36.0,1.0,3.0,0.0,65535.0,1.0,0,Normal
220,14.543421,777.21878,3232238584,3232238447,2404,61254,46,4,0,2.0,9.0,1.0,3.0,0.0,55.0,136.0,0,Normal
15059,8.244417,63787.173968,3232238584,3232238447,2404,61254,67,25,1,2.0,36.0,1.0,3.0,0.0,65535.0,2.0,1,Command Injection
1819,16.27579,6380.900797,3232238584,3232238447,2404,61254,67,25,1,2.0,36.0,1.0,3.0,0.0,65535.0,1.0,1,Command Injection
132,14.49184,461.401992,3232238584,3232238447,2404,61254,67,25,1,2.0,36.0,1.0,3.0,0.0,65535.0,1.0,0,Normal
15126,8.292274,64065.747287,3232238584,3232238447,2404,61254,67,25,1,2.0,36.0,1.0,3.0,0.0,65535.0,1.0,1,Command Injection
14910,8.140289,63145.896961,3232238584,3232238447,2404,61254,67,25,1,2.0,36.0,1.0,3.0,0.0,65535.0,1.0,1,Command Injection
185,14.520945,632.452674,3232238584,3232238447,2404,61254,67,25,1,2.0,36.0,1.0,3.0,0.0,65535.0,1.0,0,Normal
41,14.440436,147.365691,3232238447,3232238584,61254,2404,46,4,2,2.0,9.0,1.0,3.0,0.0,55.0,136.0,0,Normal
14832,8.083898,62821.983352,3232238447,3232238584,61254,2404,46,4,2,2.0,9.0,1.0,3.0,0.0,55.0,136.0,1,Command Injection
108,14.475875,381.755992,3232238584,3232238447,2404,61254,67,25,1,2.0,36.0,1.0,3.0,0.0,65535.0,1.0,0,Normal
1907,16.323433,6657.338076,3232238584,3232238447,2404,61254,67,25,1,2.0,36.0,1.0,3.0,0.0,65535.0,1.0,1,Command Injection
56,14.444925,192.252023,3232238447,3232238584,61254,2404,46,4,2,2.0,9.0,1.0,3.0,0.0,55.0,136.0,0,Normal
405,15.051367,1416.677525,3232238584,3232238447,2404,61254,67,25,1,2.0,36.0,1.0,3.0,0.0,65535.0,1.0,0,Normal
442,15.072092,1543.926962,3232238447,3232238584,61254,2404,46,4,2,2.0,9.0,1.0,3.0,0.0,55.0,136.0,0,Normal
14893,8.124177,63064.77428,3232238447,3232238584,61254,2404,46,4,2,2.0,9.0,1.0,3.0,0.0,55.0,136.0,1,Command Injection
15133,8.300474,64107.740131,3232238584,3232238447,2404,61254,67,25,1,2.0,36.0,1.0,3.0,0.0,65535.0,1.0,1,Command Injection
24,14.43118,94.807469,3232238447,3232238584,61254,2404,46,4,2,2.0,9.0,1.0,3.0,0.0,55.0,136.0,0,Normal
467,15.085319,1636.190501,3232238447,3232238584,61254,2404,46,4,2,2.0,9.0,1.0,3.0,0.0,55.0,136.0,0,Normal
1858,16.300713,6510.132448,3232238584,3232238447,2404,61254,67,25,1,2.0,36.0,1.0,3.0,0.0,65535.0,2.0,1,Command Injection
1850,16.294402,6487.021131,3232238584,3232238447,2404,61254,46,4,0,2.0,9.0,1.0,3.0,0.0,55.0,136.0,1,Command Injection
1937,16.341616,6759.16429,3232238584,3232238447,2404,61254,67,25,1,2.0,36.0,1.0,3.0,0.0,65535.0,3.0,1,Command Injection
14830,8.082931,62812.318229,3232238584,3232238447,2404,61254,67,25,1,2.0,36.0,1.0,3.0,0.0,65535.0,1.0,1,Command Injection
15062,8.245277,63795.772594,3232238584,3232238447,2404,61254,67,25,1,2.0,36.0,1.0,3.0,0.0,65535.0,1.0,1,Command Injection
338,15.010422,1167.220389,3232238584,3232238447,2404,61254,67,25,1,2.0,36.0,1.0,3.0,0.0,65535.0,1.0,0,Normal
51,14.443829,181.297257,3232238584,3232238447,2404,61254,67,25,1,2.0,36.0,1.0,3.0,0.0,65535.0,1.0,0,Normal
1826,16.28209,6403.903392,3232238584,3232238447,2404,61254,67,25,1,2.0,36.0,1.0,3.0,0.0,65535.0,1.0,1,Command Injection
1835,16.285502,6438.022884,3232238447,3232238584,61254,2404,46,4,0,3.0,9.0,1.0,3.0,0.0,55.0,136.0,1,Command Injection
15056,8.243237,63775.375362,3232238584,3232238447,2404,61254,67,25,1,2.0,36.0,1.0,3.0,0.0,65535.0,1.0,1,Command Injection
14917,8.143409,63177.097165,3232238584,3232238447,2404,61254,67,25,1,2.0,36.0,1.0,3.0,0.0,65535.0,2.0,1,Command Injection
264,14.565435,917.354848,3232238584,3232238447,2404,61254,67,25,1,2.0,36.0,1.0,3.0,0.0,65535.0,1.0,0,Normal
14953,8.17095,63332.507567,3232238584,3232238447,2404,61254,67,25,1,2.0,36.0,1.0,3.0,0.0,65535.0,1.0,1,Command Injection
14846,8.095208,62895.083316,3232238584,3232238447,2404,61254,46,4,0,2.0,9.0,1.0,3.0,0.0,55.0,136.0,1,Command Injection
2001,16.373684,6959.842474,3232238584,3232238447,2404,61254,67,25,1,2.0,36.0,1.0,3.0,0.0,65535.0,1.0,1,Command Injection
14968,8.180906,63392.066734,3232238447,3232238584,61254,2404,46,4,0,3.0,9.0,1.0,3.0,0.0,55.0,136.0,1,Command Injection
1837,16.285692,6439.919266,3232238584,3232238447,2404,61254,67,25,1,2.0,36.0,1.0,3.0,0.0,65535.0,1.0,1,Command Injection
447,15.074293,1565.934778,3232238584,3232238447,2404,61254,67,25,1,2.0,36.0,1.0,3.0,0.0,65535.0,1.0,0,Normal
18,14.424067,63.677885,3232238584,3232238447,2404,61254,67,25,1,2.0,36.0,1.0,3.0,0.0,65535.0,1.0,0,Normal
14851,8.100166,62904.665748,3232238447,3232238584,61254,2404,46,4,2,2.0,9.0,1.0,3.0,0.0,55.0,136.0,1,Command Injection
483,15.095278,1695.780518,3232238584,3232238447,2404,61254,67,25,1,2.0,36.0,1.0,3.0,0.0,65535.0,1.0,0,Normal
1887,16.313273,6595.733004,3232238447,3232238584,61254,2404,46,4,2,2.0,9.0,1.0,3.0,0.0,55.0,136.0,1,Command Injection
433,15.065901,1522.012419,3232238447,3232238584,61254,2404,46,4,2,2.0,9.0,1.0,3.0,0.0,55.0,136.0,0,Normal
367,15.03032,1286.20146,3232238447,3232238584,61254,2404,46,4,0,3.0,9.0,1.0,3.0,0.0,55.0,136.0,0,Normal
83,14.462531,288.312221,3232238584,3232238447,2404,61254,67,25,1,2.0,36.0,1.0,3.0,0.0,65535.0,2.0,0,Normal
61,14.450588,208.880413,3232238584,3232238447,2404,61254,67,25,1,2.0,36.0,1.0,3.0,0.0,65535.0,1.0,0,Normal
1957,16.352144,6824.439362,3232238584,3232238447,2404,61254,67,25,1,2.0,36.0,1.0,3.0,0.0,65535.0,1.0,1,Command Injection
272,14.572592,948.923126,3232238584,3232238447,2404,61254,67,25,1,2.0,36.0,1.0,3.0,0.0,65535.0,1.0,0,Normal
285,14.581021,993.211641,3232238447,3232238584,61254,2404,46,4,0,3.0,9.0,1.0,3.0,0.0,55.0,136.0,0,Normal
360,15.023624,1259.242378,3232238584,3232238447,2404,61254,67,25,1,2.0,36.0,1.0,3.0,0.0,65535.0,1.0,0,Normal
354,15.020272,1225.725739,3232238447,3232238584,61254,2404,46,4,2,2.0,9.0,1.0,3.0,0.0,55.0,136.0,0,Normal
456,15.082474,1607.742284,3232238584,3232238447,2404,61254,67,25,1,2.0,36.0,1.0,3.0,0.0,65535.0,1.0,0,Normal
278,14.574009,963.09172,3232238584,3232238447,2404,61254,67,25,1,2.0,36.0,1.0,3.0,0.0,65535.0,1.0,0,Normal
12,14.422227,45.276398,3232238447,3232238584,61254,2404,46,4,2,2.0,9.0,1.0,3.0,0.0,55.0,136.0,0,Normal
182,14.520265,625.65206,3232238584,3232238447,2404,61254,67,25,1,2.0,36.0,1.0,3.0,0.0,65535.0,1.0,0,Normal
368,15.03042,1287.208155,3232238447,3232238584,61254,2404,46,4,2,2.0,9.0,1.0,3.0,0.0,55.0,136.0,0,Normal
15017,8.212626,63589.263793,3232238447,3232238584,61254,2404,46,4,2,2.0,9.0,1.0,3.0,0.0,55.0,136.0,1,Command Injection
1934,16.340922,6752.227468,3232238447,3232238584,61254,2404,46,4,2,2.0,9.0,1.0,3.0,0.0,55.0,136.0,1,Command Injection
223,14.54357,778.707853,3232238447,3232238584,61254,2404,46,4,2,2.0,9.0,1.0,3.0,0.0,55.0,136.0,0,Normal
1891,16.314899,6611.989155,3232238584,3232238447,2404,61254,67,25,1,2.0,36.0,1.0,3.0,0.0,65535.0,1.0,1,Command Injection
15106,8.275893,63981.935365,3232238584,3232238447,2404,61254,67,25,1,2.0,36.0,1.0,3.0,0.0,65535.0,1.0,1,Command Injection
1972,16.36116,6874.601147,3232238584,3232238447,2404,61254,67,25,1,2.0,36.0,1.0,3.0,0.0,65535.0,1.0,1,Command Injection
1864,16.301953,6522.536879,3232238584,3232238447,2404,61254,67,25,1,2.0,36.0,1.0,3.0,0.0,65535.0,1.0,1,Command Injection
1901,16.321513,6638.136616,3232238584,3232238447,2404,61254,67,25,1,2.0,36.0,1.0,3.0,0.0,65535.0,3.0,1,Command Injection
1952,16.350377,6806.778106,3232238584,3232238447,2404,61254,67,25,1,2.0,36.0,1.0,3.0,0.0,65535.0,1.0,1,Command Injection
176,14.513485,597.85083,3232238584,3232238447,2404,61254,67,25,1,2.0,36.0,1.0,3.0,0.0,65535.0,1.0,0,Normal
1984,16.364555,6908.549423,3232238447,3232238584,61254,2404,46,4,2,2.0,9.0,1.0,3.0,0.0,55.0,136.0,1,Command Injection
1992,16.370922,6932.227399,3232238584,3232238447,2404,61254,67,25,1,2.0,36.0,1.0,3.0,0.0,65535.0,1.0,1,Command Injection
1904,16.322496,6647.966821,3232238447,3232238584,61254,2404,46,4,2,2.0,9.0,1.0,3.0,0.0,55.0,136.0,1,Command Injection
15009,8.204688,63549.888217,3232238447,3232238584,61254,2404,46,4,2,2.0,9.0,1.0,3.0,0.0,55.0,136.0,1,Command Injection
393,15.043246,1375.465181,3232238584,3232238447,2404,61254,67,25,1,2.0,36.0,1.0,3.0,0.0,65535.0,1.0,0,Normal
163,14.505564,558.64788,3232238584,3232238447,2404,61254,67,25,1,2.0,36.0,1.0,3.0,0.0,65535.0,1.0,0,Normal
248,14.560274,865.744618,3232238584,3232238447,2404,61254,67,25,1,2.0,36.0,1.0,3.0,0.0,65535.0,1.0,0,Normal
1953,16.351178,6814.780825,3232238584,3232238447,2404,61254,67,25,1,2.0,36.0,1.0,3.0,0.0,65535.0,1.0,1,Command Injection
15021,8.21461,63609.10615,3232238447,3232238584,61254,2404,46,4,0,3.0,9.0,1.0,3.0,0.0,55.0,136.0,1,Command Injection
1988,16.365764,6920.645675,3232238584,3232238447,2404,61254,67,25,1,2.0,36.0,1.0,3.0,0.0,65535.0,1.0,1,Command Injection
375,15.033345,1316.4529,3232238584,3232238447,2404,61254,67,25,1,2.0,36.0,1.0,3.0,0.0,65535.0,1.0,0,Normal
412,15.053868,1441.688287,3232238584,3232238447,2404,61254,67,25,1,2.0,36.0,1.0,3.0,0.0,65535.0,1.0,0,Normal
74,14.454994,252.946512,3232238584,3232238447,2404,61254,67,25,1,2.0,36.0,1.0,3.0,0.0,65535.0,1.0,0,Normal
113,14.480916,392.162172,3232238584,3232238447,2404,61254,67,25,1,2.0,36.0,1.0,3.0,0.0,65535.0,1.0,0,Normal
1917,16.330834,6691.345266,3232238584,3232238447,2404,61254,67,25,1,2.0,36.0,1.0,3.0,0.0,65535.0,1.0,1,Command Injection
15097,8.271134,63934.348689,3232238584,3232238447,2404,61254,67,25,1,2.0,36.0,1.0,3.0,0.0,65535.0,1.0,1,Command Injection
390,15.042506,1368.061831,3232238584,3232238447,2404,61254,67,25,1,2.0,36.0,1.0,3.0,0.0,65535.0,1.0,0,Normal
104,14.474035,363.358361,3232238447,3232238584,61254,2404,46,4,2,2.0,9.0,1.0,3.0,0.0,55.0,136.0,0,Normal
114,14.48193,402.302189,3232238447,3232238584,61254,2404,46,4,2,2.0,9.0,1.0,3.0,0.0,55.0,136.0,0,Normal
417,15.055438,1457.387596,3232238447,3232238584,61254,2404,46,4,2,2.0,9.0,1.0,3.0,0.0,55.0,136.0,0,Normal
1844,16.291333,6456.337789,3232238447,3232238584,61254,2404,46,4,2,2.0,9.0,1.0,3.0,0.0,55.0,136.0,1,Command Injection
457,15.082575,1608.749639,3232238447,3232238584,61254,2404,46,4,2,2.0,9.0,1.0,3.0,0.0,55.0,136.0,0,Normal
409,15.053228,1435.284869,3232238584,3232238447,2404,61254,67,25,1,2.0,36.0,1.0,3.0,0.0,65535.0,3.0,0,Normal
92,14.470555,328.555483,3232238447,3232238584,61254,2404,46,4,2,2.0,9.0,1.0,3.0,0.0,55.0,136.0,0,Normal
15066,8.251177,63814.771158,3232238584,3232238447,2404,61254,67,25,1,2.0,36.0,1.0,3.0,0.0,65535.0,1.0,1,Command Injection
89,14.465532,318.328316,3232238584,3232238447,2404,61254,67,25,1,2.0,36.0,1.0,3.0,0.0,65535.0,1.0,0,Normal
336,15.010099,1163.989735,3232238447,3232238584,61254,2404,46,4,2,2.0,9.0,1.0,3.0,0.0,55.0,136.0,0,Normal
15124,8.291821,64061.211612,3232238447,3232238584,61254,2404,46,4,0,2.0,9.0,1.0,3.0,0.0,55.0,136.0,1,Command Injection
15057,8.243337,63776.378393,3232238447,3232238584,61254,2404,46,4,2,2.0,9.0,1.0,3.0,0.0,55.0,136.0,1,Command Injection
15069,8.251837,63821.370913,3232238584,3232238447,2404,61254,67,25,1,2.0,36.0,1.0,3.0,0.0,65535.0,1.0,1,Command Injection
1924,16.332976,6712.759203,3232238447,3232238584,61254,2404,46,4,2,2.0,9.0,1.0,3.0,0.0,55.0,136.0,1,Command Injection
1912,16.324776,6670.761995,3232238447,3232238584,61254,2404,46,4,2,2.0,9.0,1.0,3.0,0.0,55.0,136.0,1,Command Injection
1930,16.335175,6734.755074,3232238584,3232238447,2404,61254,67,25,1,2.0,36.0,1.0,3.0,0.0,65535.0,1.0,1,Command Injection
94,14.471073,333.735298,3232238584,3232238447,2404,61254,67,25,1,2.0,36.0,1.0,3.0,0.0,65535.0,1.0,0,Normal
11,14.422127,44.273997,3232238584,3232238447,2404,61254,67,25,1,2.0,36.0,1.0,3.0,0.0,65535.0,2.0,0,Normal
396,15.044787,1390.872755,3232238584,3232238447,2404,61254,67,25,1,2.0,36.0,1.0,3.0,0.0,65535.0,1.0,0,Normal
1852,16.294813,6491.130844,3232238584,3232238447,2404,61254,67,25,1,2.0,36.0,1.0,3.0,0.0,65535.0,1.0,1,Command Injection
43,14.440807,151.07151,3232238584,3232238447,2404,61254,67,25,1,2.0,36.0,1.0,3.0,0.0,65535.0,1.0,0,Normal
42,14.440687,149.871229,3232238584,3232238447,2404,61254,67,25,1,2.0,36.0,1.0,3.0,0.0,65535.0,1.0,0,Normal
329,15.003567,1138.670455,3232238447,3232238584,61254,2404,46,4,2,2.0,9.0,1.0,3.0,0.0,55.0,136.0,0,Normal
167,14.511065,573.651438,3232238584,3232238447,2404,61254,67,25,1,2.0,36.0,1.0,3.0,0.0,65535.0,1.0,0,Normal
497,15.104919,1752.197455,3232238584,3232238447,2404,61254,67,25,1,2.0,36.0,1.0,3.0,0.0,65535.0,2.0,0,Normal
15012,8.210261,63565.618171,3232238584,3232238447,2404,61254,67,25,1,2.0,36.0,1.0,3.0,0.0,65535.0,1.0,1,Command Injection
1916,16.330195,6684.95767,3232238447,3232238584,61254,2404,46,4,2,2.0,9.0,1.0,3.0,0.0,55.0,136.0,1,Command Injection
14892,8.123773,63060.732278,3232238584,3232238447,2404,61254,67,25,1,2.0,36.0,1.0,3.0,0.0,65535.0,1.0,1,Command Injection
100,14.47294,352.407428,3232238447,3232238584,61254,2404,46,4,2,2.0,9.0,1.0,3.0,0.0,55.0,136.0,0,Normal
426,15.064011,1503.110836,3232238584,3232238447,2404,61254,67,25,1,2.0,36.0,1.0,3.0,0.0,65535.0,1.0,0,Normal
178,14.514369,606.697428,3232238584,3232238447,2404,61254,67,25,1,2.0,36.0,1.0,3.0,0.0,65535.0,1.0,0,Normal
444,15.073286,1555.860755,3232238447,3232238584,61254,2404,46,4,2,2.0,9.0,1.0,3.0,0.0,55.0,136.0,0,Normal
416,15.054729,1450.291695,3232238584,3232238447,2404,61254,67,25,1,2.0,36.0,1.0,3.0,0.0,65535.0,1.0,0,Normal
15006,8.203682,63539.820889,3232238584,3232238447,2404,61254,67,25,1,2.0,36.0,1.0,3.0,0.0,65535.0,1.0,1,Command Injection
15018,8.213682,63599.825287,3232238584,3232238447,2404,61254,67,25,1,2.0,36.0,1.0,3.0,0.0,65535.0,1.0,1,Command Injection
1999,16.373003,6953.038716,3232238584,3232238447,2404,61254,67,25,1,2.0,36.0,1.0,3.0,0.0,65535.0,1.0,1,Command Injection
177,14.514194,604.94555,3232238447,3232238584,61254,2404,46,4,2,2.0,9.0,1.0,3.0,0.0,55.0,136.0,0,Normal
395,15.044327,1386.270134,3232238584,3232238447,2404,61254,67,25,1,2.0,36.0,1.0,3.0,0.0,65535.0,2.0,0,Normal
15047,8.235218,63735.188361,3232238584,3232238447,2404,61254,67,25,1,2.0,36.0,1.0,3.0,0.0,65535.0,1.0,1,Command Injection
14929,8.153508,63238.088374,3232238584,3232238447,2404,61254,67,25,1,2.0,36.0,1.0,3.0,0.0,65535.0,2.0,1,Command Injection
15096,8.270779,63930.793707,3232238584,3232238447,2404,61254,67,25,1,2.0,36.0,1.0,3.0,0.0,65535.0,1.0,1,Command Injection
2003,16.374604,6969.045543,3232238584,3232238447,2404,61254,67,25,1,2.0,36.0,1.0,3.0,0.0,65535.0,1.0,1,Command Injection
383,15.035505,1338.052902,3232238584,3232238447,2404,61254,67,25,1,2.0,36.0,1.0,3.0,0.0,65535.0,1.0,0,Normal
15092,8.264675,63909.7545,3232238584,3232238447,2404,61254,67,25,1,2.0,36.0,1.0,3.0,0.0,65535.0,1.0,1,Command Injection
14887,8.122507,63048.078021,3232238584,3232238447,2404,61254,46,4,0,2.0,9.0,1.0,3.0,0.0,55.0,136.0,1,Command Injection
257,14.563095,893.951751,3232238447,3232238584,61254,2404,46,4,2,2.0,9.0,1.0,3.0,0.0,55.0,136.0,0,Normal
1857,16.300577,6508.770335,3232238584,3232238447,2404,61254,67,25,1,2.0,36.0,1.0,3.0,0.0,65535.0,1.0,1,Command Injection
335,15.005086,1153.862958,3232238584,3232238447,2404,61254,67,25,1,2.0,36.0,1.0,3.0,0.0,65535.0,1.0,0,Normal
15,14.423207,55.074698,3232238584,3232238447,2404,61254,67,25,1,2.0,36.0,1.0,3.0,0.0,65535.0,1.0,0,Normal
324,15.001282,1115.827424,3232238584,3232238447,2404,61254,67,25,1,2.0,36.0,1.0,3.0,0.0,65535.0,1.0,0,Normal
14894,8.124595,63068.949094,3232238584,3232238447,2404,61254,67,25,1,2.0,36.0,1.0,3.0,0.0,65535.0,1.0,1,Command Injection
222,14.543469,777.697277,3232238584,3232238447,2404,61254,67,25,1,2.0,36.0,1.0,3.0,0.0,65535.0,1.0,0,Normal
179,14.515085,613.8504,3232238584,3232238447,2404,61254,67,25,1,2.0,36.0,1.0,3.0,0.0,65535.0,1.0,0,Normal
15119,8.284814,64031.141213,3232238584,3232238447,2404,61254,67,25,1,2.0,36.0,1.0,3.0,0.0,65535.0,2.0,1,Command Injection
22,14.425981,82.811206,3232238447,3232238584,61254,2404,46,4,2,2.0,9.0,1.0,3.0,0.0,55.0,136.0,0,Normal
356,15.022196,1244.962125,3232238447,3232238584,61254,2404,46,4,2,2.0,9.0,1.0,3.0,0.0,55.0,136.0,0,Normal
1985,16.364741,6910.417975,3232238584,3232238447,2404,61254,67,25,1,2.0,36.0,1.0,3.0,0.0,65535.0,1.0,1,Command Injection
14997,8.195186,63494.859107,3232238584,3232238447,2404,61254,67,25,1,2.0,36.0,1.0,3.0,0.0,65535.0,1.0,1,Command Injection
340,15.011127,1174.27194,3232238447,3232238584,61254,2404,46,4,2,2.0,9.0,1.0,3.0,0.0,55.0,136.0,0,Normal
431,15.064851,1511.514581,3232238584,3232238447,2404,61254,67,25,1,2.0,36.0,1.0,3.0,0.0,65535.0,1.0,0,Normal
1870,16.303894,6541.943271,3232238447,3232238584,61254,2404,46,4,2,2.0,9.0,1.0,3.0,0.0,55.0,136.0,1,Command Injection
14969,8.180913,63392.137818,3232238584,3232238447,2404,61254,67,25,1,2.0,36.0,1.0,3.0,0.0,65535.0,1.0,1,Command Injection
203,14.533168,714.679234,3232238584,3232238447,2404,61254,67,25,1,2.0,36.0,1.0,3.0,0.0,65535.0,1.0,0,Normal
1949,16.344663,6789.638504,3232238447,3232238584,61254,2404,46,4,2,2.0,9.0,1.0,3.0,0.0,55.0,136.0,1,Command Injection
93,14.470813,331.134363,3232238584,3232238447,2404,61254,67,25,1,2.0,36.0,1.0,3.0,0.0,65535.0,1.0,0,Normal
1877,16.310813,6571.134661,3232238584,3232238447,2404,61254,67,25,1,2.0,36.0,1.0,3.0,0.0,65535.0,2.0,1,Command Injection
68,14.452428,227.284902,3232238584,3232238447,2404,61254,67,25,1,2.0,36.0,1.0,3.0,0.0,65535.0,2.0,0,Normal
1941,16.342436,6767.366008,3232238584,3232238447,2404,61254,67,25,1,2.0,36.0,1.0,3.0,0.0,65535.0,1.0,1,Command Injection
284,14.581021,993.211381,3232238584,3232238447,2404,61254,46,4,0,2.0,9.0,1.0,3.0,0.0,55.0,136.0,0,Normal
14980,8.190485,63447.856571,3232238584,3232238447,2404,61254,67,25,1,2.0,36.0,1.0,3.0,0.0,65535.0,1.0,1,Command Injection
434,15.070052,1523.521782,3232238584,3232238447,2404,61254,67,25,1,2.0,36.0,1.0,3.0,0.0,65535.0,1.0,0,Normal
153,14.502623,529.236736,3232238584,3232238447,2404,61254,67,25,1,2.0,36.0,1.0,3.0,0.0,65535.0,1.0,0,Normal
75,14.455269,255.698076,3232238584,3232238447,2404,61254,67,25,1,2.0,36.0,1.0,3.0,0.0,65535.0,1.0,0,Normal
14866,8.105879,62961.789911,3232238584,3232238447,2404,61254,67,25,1,2.0,36.0,1.0,3.0,0.0,65535.0,1.0,1,Command Injection
446,15.073773,1560.735037,3232238584,3232238447,2404,61254,67,25,1,2.0,36.0,1.0,3.0,0.0,65535.0,1.0,0,Normal
188,14.522746,650.460305,3232238584,3232238447,2404,61254,67,25,1,2.0,36.0,1.0,3.0,0.0,65535.0,1.0,0,Normal
271,14.572191,944.916294,3232238584,3232238447,2404,61254,67,25,1,2.0,36.0,1.0,3.0,0.0,65535.0,1.0,0,Normal
236,14.552451,827.510879,3232238584,3232238447,2404,61254,67,25,1,2.0,36.0,1.0,3.0,0.0,65535.0,1.0,0,Normal
487,15.101149,1714.49373,3232238447,3232238584,61254,2404,46,4,2,2.0,9.0,1.0,3.0,0.0,55.0,136.0,0,Normal
117,14.482997,412.973397,3232238584,3232238447,2404,61254,67,25,1,2.0,36.0,1.0,3.0,0.0,65535.0,1.0,0,Normal
15079,8.255472,63857.719217,3232238447,3232238584,61254,2404,46,4,2,2.0,9.0,1.0,3.0,0.0,55.0,136.0,1,Command Injection
1831,16.283457,6417.572693,3232238584,3232238447,2404,61254,67,25,1,2.0,36.0,1.0,3.0,0.0,65535.0,1.0,1,Command Injection
14961,8.173809,63361.09072,3232238447,3232238584,61254,2404,46,4,2,2.0,9.0,1.0,3.0,0.0,55.0,136.0,1,Command Injection
1910,16.324233,6665.338965,3232238584,3232238447,2404,61254,67,25,1,2.0,36.0,1.0,3.0,0.0,65535.0,1.0,1,Command Injection
126,14.485924,442.240404,3232238447,3232238584,61254,2404,46,4,2,2.0,9.0,1.0,3.0,0.0,55.0,136.0,0,Normal
116,14.482737,410.369738,3232238584,3232238447,2404,61254,82,40,1,2.0,36.0,2.0,3.0,0.0,65535.0,4.0,0,Normal
473,15.092197,1664.969156,3232238584,3232238447,2404,61254,67,25,1,2.0,36.0,1.0,3.0,0.0,65535.0,1.0,0,Normal
14829,8.082912,62812.124359,3232238447,3232238584,61254,2404,46,4,2,2.0,9.0,1.0,3.0,0.0,55.0,136.0,1,Command Injection
57,14.445047,193.47741,3232238584,3232238447,2404,61254,67,25,1,2.0,36.0,1.0,3.0,0.0,65535.0,1.0,0,Normal
14999,8.19589,63501.900586,3232238447,3232238584,61254,2404,46,4,2,2.0,9.0,1.0,3.0,0.0,55.0,136.0,1,Command Injection
15048,8.235319,63736.191638,3232238447,3232238584,61254,2404,46,4,2,2.0,9.0,1.0,3.0,0.0,55.0,136.0,1,Command Injection
369,15.030705,1290.054092,3232238584,3232238447,2404,61254,67,25,1,2.0,36.0,1.0,3.0,0.0,65535.0,1.0,0,Normal
268,14.57153,938.304396,3232238584,3232238447,2404,61254,67,25,1,2.0,36.0,1.0,3.0,0.0,65535.0,1.0,0,Normal
46,14.441827,161.273151,3232238584,3232238447,2404,61254,67,25,1,2.0,36.0,1.0,3.0,0.0,65535.0,1.0,0,Normal
349,15.014022,1203.221839,3232238584,3232238447,2404,61254,67,25,1,2.0,36.0,1.0,3.0,0.0,65535.0,2.0,0,Normal
195,14.5305,688.002302,3232238447,3232238584,61254,2404,46,4,2,2.0,9.0,1.0,3.0,0.0,55.0,136.0,0,Normal
15135,8.301004,64113.04143,3232238584,3232238447,2404,61254,46,4,0,2.0,9.0,1.0,3.0,0.0,55.0,136.0,1,Command Injection
14970,8.181217,63395.177078,3232238447,3232238584,61254,2404,46,4,2,2.0,9.0,1.0,3.0,0.0,55.0,136.0,1,Command Injection
14872,8.111124,62974.24355,3232238584,3232238447,2404,61254,67,25,1,2.0,36.0,1.0,3.0,0.0,65535.0,1.0,1,Command Injection
263,14.56534,916.402812,3232238447,3232238584,61254,2404,46,4,2,2.0,9.0,1.0,3.0,0.0,55.0,136.0,0,Normal
443,15.072272,1545.72881,3232238584,3232238447,2404,61254,67,25,1,2.0,36.0,1.0,3.0,0.0,65535.0,1.0,0,Normal
1994,16.371403,6937.030375,3232238584,3232238447,2404,61254,67,25,1,2.0,36.0,1.0,3.0,0.0,65535.0,2.0,1,Command Injection
304,14.591325,1056.253874,3232238584,3232238447,2404,61254,67,25,1,2.0,36.0,1.0,3.0,0.0,65535.0,1.0,0,Normal
341,15.011142,1174.419494,3232238584,3232238447,2404,61254,67,25,1,2.0,36.0,1.0,3.0,0.0,65535.0,1.0,0,Normal
15102,8.273782,63960.825789,3232238584,3232238447,2404,61254,67,25,1,2.0,36.0,1.0,3.0,0.0,65535.0,1.0,1,Command Injection
149,14.50119,514.908803,3232238447,3232238584,61254,2404,46,4,2,2.0,9.0,1.0,3.0,0.0,55.0,136.0,0,Normal
124,14.485338,436.388959,3232238584,3232238447,2404,61254,67,25,1,2.0,36.0,1.0,3.0,0.0,65535.0,1.0,0,Normal
14922,8.145289,63195.895406,3232238584,3232238447,2404,61254,67,25,1,2.0,36.0,1.0,3.0,0.0,65535.0,1.0,1,Command Injection
50,14.442828,171.284076,3232238447,3232238584,61254,2404,46,4,2,2.0,9.0,1.0,3.0,0.0,55.0,136.0,0,Normal
353,15.015462,1217.625856,3232238584,3232238447,2404,61254,67,25,1,2.0,36.0,1.0,3.0,0.0,65535.0,1.0,0,Normal
15063,8.245701,63800.014101,3232238584,3232238447,2404,61254,67,25,1,2.0,36.0,1.0,3.0,0.0,65535.0,1.0,1,Command Injection
142,14.495022,493.223183,3232238447,3232238584,61254,2404,46,4,2,2.0,9.0,1.0,3.0,0.0,55.0,136.0,0,Normal
470,15.090578,1648.779501,3232238447,3232238584,61254,2404,46,4,2,2.0,9.0,1.0,3.0,0.0,55.0,136.0,0,Normal
399,15.045547,1398.474516,3232238584,3232238447,2404,61254,67,25,1,2.0,36.0,1.0,3.0,0.0,65535.0,1.0,0,Normal
1944,16.343356,6776.568914,3232238584,3232238447,2404,61254,67,25,1,2.0,36.0,1.0,3.0,0.0,65535.0,1.0,1,Command Injection
320,15.000063,1103.632692,3232238584,3232238447,2404,61254,67,25,1,2.0,36.0,1.0,3.0,0.0,65535.0,1.0,0,Normal
19,14.424527,68.275429,3232238584,3232238447,2404,61254,67,25,1,2.0,36.0,1.0,3.0,0.0,65535.0,1.0,0,Normal
14945,8.163709,63300.089422,3232238584,3232238447,2404,61254,67,25,1,2.0,36.0,1.0,3.0,0.0,65535.0,1.0,1,Command Injection
14926,8.151768,63220.688634,3232238584,3232238447,2404,61254,67,25,1,2.0,36.0,1.0,3.0,0.0,65535.0,1.0,1,Command Injection
14944,8.163609,63299.089594,3232238584,3232238447,2404,61254,67,25,1,2.0,36.0,1.0,3.0,0.0,65535.0,2.0,1,Command Injection
407,15.052308,1426.08076,3232238584,3232238447,2404,61254,67,25,1,2.0,36.0,1.0,3.0,0.0,65535.0,1.0,0,Normal
1856,16.300446,6507.462945,3232238447,3232238584,61254,2404,46,4,2,2.0,9.0,1.0,3.0,0.0,55.0,136.0,1,Command Injection
1939,16.341916,6762.165362,3232238584,3232238447,2404,61254,67,25,1,2.0,36.0,1.0,3.0,0.0,65535.0,1.0,1,Command Injection
38,14.435087,133.870973,3232238447,3232238584,61254,2404,46,4,2,2.0,9.0,1.0,3.0,0.0,55.0,136.0,0,Normal
175,14.513225,595.250974,3232238584,3232238447,2404,61254,67,25,1,2.0,36.0,1.0,3.0,0.0,65535.0,1.0,0,Normal
245,14.555351,856.514843,3232238584,3232238447,2404,61254,67,25,1,2.0,36.0,1.0,3.0,0.0,65535.0,1.0,0,Normal
14964,8.17493,63372.306918,3232238447,3232238584,61254,2404,46,4,2,2.0,9.0,1.0,3.0,0.0,55.0,136.0,1,Command Injection
1986,16.365041,6913.419056,3232238584,3232238447,2404,61254,67,25,1,2.0,36.0,1.0,3.0,0.0,65535.0,1.0,1,Command Injection
14890,8.123213,63055.133511,3232238584,3232238447,2404,61254,67,25,1,2.0,36.0,1.0,3.0,0.0,65535.0,2.0,1,Command Injection
14994,8.194684,63489.847966,3232238584,3232238447,2404,61254,67,25,1,2.0,36.0,1.0,3.0,0.0,65535.0,1.0,1,Command Injection
154,14.502724,530.243226,3232238447,3232238584,61254,2404,46,4,2,2.0,9.0,1.0,3.0,0.0,55.0,136.0,0,Normal
287,14.581152,994.520592,3232238584,3232238447,2404,61254,67,25,1,2.0,36.0,1.0,3.0,0.0,65535.0,1.0,0,Normal
1921,16.331974,6702.747025,3232238584,3232238447,2404,61254,67,25,1,2.0,36.0,1.0,3.0,0.0,65535.0,1.0,1,Command Injection
1888,16.313733,6600.330633,3232238584,3232238447,2404,61254,67,25,1,2.0,36.0,1.0,3.0,0.0,65535.0,1.0,1,Command Injection
14879,8.115263,63015.634294,3232238447,3232238584,61254,2404,46,4,0,2.0,9.0,1.0,3.0,0.0,55.0,136.0,1,Command Injection
17,14.423787,60.875485,3232238584,3232238447,2404,61254,67,25,1,2.0,36.0,1.0,3.0,0.0,65535.0,1.0,0,Normal
127,14.490185,444.852275,3232238584,3232238447,2404,61254,67,25,1,2.0,36.0,1.0,3.0,0.0,65535.0,1.0,0,Normal
322,15.000842,1111.429046,3232238584,3232238447,2404,61254,67,25,1,2.0,36.0,1.0,3.0,0.0,65535.0,1.0,0,Normal
255,14.562311,886.115937,3232238584,3232238447,2404,61254,67,25,1,2.0,36.0,1.0,3.0,0.0,65535.0,1.0,0,Normal
1976,16.36204,6883.403724,3232238584,3232238447,2404,61254,67,25,1,2.0,36.0,1.0,3.0,0.0,65535.0,1.0,1,Command Injection
15100,8.273762,63960.622791,3232238447,3232238584,61254,2404,46,4,0,2.0,9.0,1.0,3.0,0.0,55.0,136.0,1,Command Injection
190,14.523737,660.374279,3232238447,3232238584,61254,2404,46,4,2,2.0,9.0,1.0,3.0,0.0,55.0,136.0,0,Normal
115,14.482116,404.166275,3232238584,3232238447,2404,61254,67,25,1,2.0,36.0,1.0,3.0,0.0,65535.0,1.0,0,Normal
1935,16.341116,6754.162397,3232238584,3232238447,2404,61254,67,25,1,2.0,36.0,1.0,3.0,0.0,65535.0,2.0,1,Command Injection
1925,16.334155,6724.553412,3232238584,3232238447,2404,61254,67,25,1,2.0,36.0,1.0,3.0,0.0,65535.0,1.0,1,Command Injection
180,14.515388,616.879318,3232238447,3232238584,61254,2404,46,4,2,2.0,9.0,1.0,3.0,0.0,55.0,136.0,0,Normal
301,14.585986,1042.863774,3232238447,3232238584,61254,2404,46,4,2,2.0,9.0,1.0,3.0,0.0,55.0,136.0,0,Normal
14895,8.125132,63074.327938,3232238584,3232238447,2404,61254,67,25,1,2.0,36.0,1.0,3.0,0.0,65535.0,1.0,1,Command Injection
14848,8.095443,62897.438785,3232238584,3232238447,2404,61254,67,25,1,2.0,36.0,1.0,3.0,0.0,65535.0,1.0,1,Command Injection
14859,8.103021,62933.210818,3232238584,3232238447,2404,61254,67,25,1,2.0,36.0,1.0,3.0,0.0,65535.0,2.0,1,Command Injection
14821,8.080478,62787.785853,3232238447,3232238584,61254,2404,46,4,2,2.0,9.0,1.0,3.0,0.0,55.0,136.0,1,Command Injection
15115,8.282833,64011.338787,3232238584,3232238447,2404,61254,67,25,1,2.0,36.0,1.0,3.0,0.0,65535.0,1.0,1,Command Injection
1836,16.285511,6438.118342,3232238584,3232238447,2404,61254,67,25,1,2.0,36.0,1.0,3.0,0.0,65535.0,1.0,1,Command Injection
15120,8.285154,64034.542032,3232238584,3232238447,2404,61254,67,25,1,2.0,36.0,1.0,3.0,0.0,65535.0,1.0,1,Command Injection
45,14.44165,159.506262,3232238447,3232238584,61254,2404,46,4,2,2.0,9.0,1.0,3.0,0.0,55.0,136.0,0,Normal
15045,8.234399,63726.991601,3232238584,3232238447,2404,61254,67,25,1,2.0,36.0,1.0,3.0,0.0,65535.0,1.0,1,Command Injection
157,14.503955,542.553405,3232238447,3232238584,61254,2404,46,4,2,2.0,9.0,1.0,3.0,0.0,55.0,136.0,0,Normal
14987,8.192584,63468.848966,3232238584,3232238447,2404,61254,67,25,1,2.0,36.0,1.0,3.0,0.0,65535.0,1.0,1,Command Injection
171,14.512525,588.25094,3232238584,3232238447,2404,61254,67,25,1,2.0,36.0,1.0,3.0,0.0,65535.0,3.0,0,Normal
16,14.423612,59.128864,3232238447,3232238584,61254,2404,46,4,2,2.0,9.0,1.0,3.0,0.0,55.0,136.0,0,Normal
1830,16.28307,6413.707134,3232238584,3232238447,2404,61254,67,25,1,2.0,36.0,1.0,3.0,0.0,65535.0,1.0,1,Command Injection
48,14.442327,166.274056,3232238584,3232238447,2404,61254,67,25,1,2.0,36.0,1.0,3.0,0.0,65535.0,2.0,0,Normal
15107,8.280273,63985.735552,3232238584,3232238447,2404,61254,67,25,1,2.0,36.0,1.0,3.0,0.0,65535.0,1.0,1,Command Injection
15076,8.254263,63845.62946,3232238447,3232238584,61254,2404,46,4,2,2.0,9.0,1.0,3.0,0.0,55.0,136.0,1,Command Injection
1834,16.285502,6438.022692,3232238584,3232238447,2404,61254,46,4,0,2.0,9.0,1.0,3.0,0.0,55.0,136.0,1,Command Injection
15088,8.262806,63891.059707,3232238447,3232238584,61254,2404,46,4,2,2.0,9.0,1.0,3.0,0.0,55.0,136.0,1,Command Injection
480,15.094438,1687.382268,3232238447,3232238584,61254,2404,46,4,2,2.0,9.0,1.0,3.0,0.0,55.0,136.0,0,Normal
283,14.580968,992.679907,3232238584,3232238447,2404,61254,67,25,1,2.0,36.0,1.0,3.0,0.0,65535.0,1.0,0,Normal
14854,8.101525,62918.255006,3232238447,3232238584,61254,2404,46,4,2,2.0,9.0,1.0,3.0,0.0,55.0,136.0,1,Command Injection
15013,8.210962,63572.620098,3232238584,3232238447,2404,61254,67,25,1,2.0,36.0,1.0,3.0,0.0,65535.0,1.0,1,Command Injection
225,14.54427,785.700993,3232238584,3232238447,2404,61254,67,25,1,2.0,36.0,1.0,3.0,0.0,65535.0,1.0,0,Normal
26,14.431412,97.121445,3232238584,3232238447,2404,61254,67,25,1,2.0,36.0,1.0,3.0,0.0,65535.0,1.0,0,Normal
15090,8.263995,63902.955584,3232238584,3232238447,2404,61254,67,25,1,2.0,36.0,1.0,3.0,0.0,65535.0,1.0,1,Command Injection
437,15.070832,1531.324299,3232238584,3232238447,2404,61254,67,25,1,2.0,36.0,1.0,3.0,0.0,65535.0,1.0,0,Normal
15087,8.262705,63890.04945,3232238447,3232238584,61254,2404,46,4,0,3.0,9.0,1.0,3.0,0.0,55.0,136.0,1,Command Injection
364,15.024385,1266.849489,3232238447,3232238584,61254,2404,46,4,2,2.0,9.0,1.0,3.0,0.0,55.0,136.0,0,Normal
229,14.54511,794.105759,3232238447,3232238584,61254,2404,46,4,2,2.0,9.0,1.0,3.0,0.0,55.0,136.0,0,Normal
37,14.434986,132.868578,3232238584,3232238447,2404,61254,67,25,1,2.0,36.0,1.0,3.0,0.0,65535.0,1.0,0,Normal
15101,8.273762,63960.623416,3232238584,3232238447,2404,61254,46,4,0,3.0,9.0,1.0,3.0,0.0,55.0,136.0,1,Command Injection
374,15.033125,1314.253102,3232238584,3232238447,2404,61254,67,25,1,2.0,36.0,1.0,3.0,0.0,65535.0,3.0,0,Normal
469,15.090376,1646.759127,3232238584,3232238447,2404,61254,67,25,1,2.0,36.0,1.0,3.0,0.0,65535.0,1.0,0,Normal
15103,8.274714,63970.139845,3232238584,3232238447,2404,61254,67,25,1,2.0,36.0,1.0,3.0,0.0,65535.0,2.0,1,Command Injection
14986,8.192265,63465.650058,3232238584,3232238447,2404,61254,67,25,1,2.0,36.0,1.0,3.0,0.0,65535.0,1.0,1,Command Injection
14840,8.09187,62861.701129,3232238447,3232238584,61254,2404,46,4,2,2.0,9.0,1.0,3.0,0.0,55.0,136.0,1,Command Injection
14977,8.184286,63425.863132,3232238584,3232238447,2404,61254,67,25,1,2.0,36.0,1.0,3.0,0.0,65535.0,1.0,1,Command Injection
194,14.525487,677.870284,3232238584,3232238447,2404,61254,67,25,1,2.0,36.0,1.0,3.0,0.0,65535.0,1.0,0,Normal
14990,8.193584,63478.843712,3232238584,3232238447,2404,61254,67,25,1,2.0,36.0,1.0,3.0,0.0,65535.0,1.0,1,Command Injection
15000,8.200322,63506.228818,3232238584,3232238447,2404,61254,67,25,1,2.0,36.0,1.0,3.0,0.0,65535.0,3.0,1,Command Injection
1822,16.280631,6389.317525,3232238447,3232238584,61254,2404,46,4,2,2.0,9.0,1.0,3.0,0.0,55.0,136.0,1,Command Injection
15105,8.275513,63978.136651,3232238584,3232238447,2404,61254,67,25,1,2.0,36.0,1.0,3.0,0.0,65535.0,1.0,1,Command Injection
14966,8.180212,63385.123278,3232238584,3232238447,2404,61254,67,25,1,2.0,36.0,1.0,3.0,0.0,65535.0,3.0,1,Command Injection
1898,16.320913,6632.13583,3232238584,3232238447,2404,61254,67,25,1,2.0,36.0,1.0,3.0,0.0,65535.0,2.0,1,Command Injection
15104,8.274815,63971.152506,3232238447,3232238584,61254,2404,46,4,2,2.0,9.0,1.0,3.0,0.0,55.0,136.0,1,Command Injection
162,14.505344,556.447176,3232238584,3232238447,2404,61254,67,25,1,2.0,36.0,1.0,3.0,0.0,65535.0,1.0,0,Normal
15044,8.234319,63726.192799,3232238584,3232238447,2404,61254,67,25,1,2.0,36.0,1.0,3.0,0.0,65535.0,2.0,1,Command Injection
152,14.502243,525.434868,3232238584,3232238447,2404,61254,67,25,1,2.0,36.0,1.0,3.0,0.0,65535.0,1.0,0,Normal
14937,8.160311,63266.116825,3232238447,3232238584,61254,2404,46,4,2,2.0,9.0,1.0,3.0,0.0,55.0,136.0,1,Command Injection
15129,8.294034,64083.347726,3232238584,3232238447,2404,61254,67,25,1,2.0,36.0,1.0,3.0,0.0,65535.0,1.0,1,Command Injection
14891,8.123293,63055.93332,3232238584,3232238447,2404,61254,67,25,1,2.0,36.0,1.0,3.0,0.0,65535.0,1.0,1,Command Injection
111,14.480655,389.558917,3232238584,3232238447,2404,61254,67,25,1,2.0,36.0,1.0,3.0,0.0,65535.0,1.0,0,Normal
226,14.54447,787.700945,3232238584,3232238447,2404,61254,67,25,1,2.0,36.0,1.0,3.0,0.0,65535.0,1.0,0,Normal
14824,8.081193,62794.934536,3232238584,3232238447,2404,61254,67,25,1,2.0,36.0,1.0,3.0,0.0,65535.0,1.0,1,Command Injection
103,14.473834,361.344891,3232238584,3232238447,2404,61254,67,25,1,2.0,36.0,1.0,3.0,0.0,65535.0,1.0,0,Normal
421,15.06153,1478.301384,3232238584,3232238447,2404,61254,67,25,1,2.0,36.0,1.0,3.0,0.0,65535.0,1.0,0,Normal
419,15.060289,1465.896981,3232238584,3232238447,2404,61254,67,25,1,2.0,36.0,1.0,3.0,0.0,65535.0,1.0,0,Normal
14886,8.121513,63038.138006,3232238584,3232238447,2404,61254,67,25,1,2.0,36.0,1.0,3.0,0.0,65535.0,1.0,1,Command Injection
1905,16.322573,6648.738257,3232238584,3232238447,2404,61254,67,25,1,2.0,36.0,1.0,3.0,0.0,65535.0,1.0,1,Command Injection
14916,8.143009,63173.097012,3232238584,3232238447,2404,61254,67,25,1,2.0,36.0,1.0,3.0,0.0,65535.0,1.0,1,Command Injection
1991,16.370724,6930.24856,3232238447,3232238584,61254,2404,46,4,2,2.0,9.0,1.0,3.0,0.0,55.0,136.0,1,Command Injection
119,14.48358,418.799236,3232238584,3232238447,2404,61254,67,25,1,2.0,36.0,1.0,3.0,0.0,65535.0,1.0,0,Normal
53,14.444647,189.477015,3232238584,3232238447,2404,61254,67,25,1,2.0,36.0,1.0,3.0,0.0,65535.0,1.0,0,Normal
151,14.502063,523.634236,3232238584,3232238447,2404,61254,67,25,1,2.0,36.0,1.0,3.0,0.0,65535.0,1.0,0,Normal
403,15.050647,1409.476269,3232238584,3232238447,2404,61254,67,25,1,2.0,36.0,1.0,3.0,0.0,65535.0,1.0,0,Normal
15081,8.255976,63862.767942,3232238584,3232238447,2404,61254,67,25,1,2.0,36.0,1.0,3.0,0.0,65535.0,1.0,1,Command Injection
207,14.533628,719.281114,3232238584,3232238447,2404,61254,67,25,1,2.0,36.0,1.0,3.0,0.0,65535.0,1.0,0,Normal
1977,16.362141,6884.414597,3232238447,3232238584,61254,2404,46,4,2,2.0,9.0,1.0,3.0,0.0,55.0,136.0,1,Command Injection
14979,8.184809,63431.089512,3232238447,3232238584,61254,2404,46,4,2,2.0,9.0,1.0,3.0,0.0,55.0,136.0,1,Command Injection
14898,8.130412,63087.124453,3232238584,3232238447,2404,61254,67,25,1,2.0,36.0,1.0,3.0,0.0,65535.0,1.0,1,Command Injection
8,14.420307,26.075896,3232238584,3232238447,2404,61254,67,25,1,2.0,36.0,1.0,3.0,0.0,65535.0,1.0,0,Normal
14943,8.163369,63296.689555,3232238584,3232238447,2404,61254,67,25,1,2.0,36.0,1.0,3.0,0.0,65535.0,1.0,1,Command Injection
36,14.434426,127.267681,3232238584,3232238447,2404,61254,67,25,1,2.0,36.0,1.0,3.0,0.0,65535.0,1.0,0,Normal
452,15.080214,1585.140677,3232238584,3232238447,2404,61254,67,25,1,2.0,36.0,1.0,3.0,0.0,65535.0,1.0,0,Normal
1970,16.36094,6872.400941,3232238584,3232238447,2404,61254,67,25,1,2.0,36.0,1.0,3.0,0.0,65535.0,1.0,1,Command Injection
253,14.562118,884.183373,3232238447,3232238584,61254,2404,46,4,2,2.0,9.0,1.0,3.0,0.0,55.0,136.0,0,Normal
303,14.591125,1054.251541,3232238447,3232238584,61254,2404,46,4,2,2.0,9.0,1.0,3.0,0.0,55.0,136.0,0,Normal
14882,8.115914,63022.145201,3232238584,3232238447,2404,61254,67,25,1,2.0,36.0,1.0,3.0,0.0,65535.0,3.0,1,Command Injection
1890,16.31478,6610.803319,3232238447,3232238584,61254,2404,46,4,2,2.0,9.0,1.0,3.0,0.0,55.0,136.0,1,Command Injection
1942,16.342736,6770.367042,3232238584,3232238447,2404,61254,67,25,1,2.0,36.0,1.0,3.0,0.0,65535.0,1.0,1,Command Injection
14868,8.110138,62964.387977,3232238584,3232238447,2404,61254,67,25,1,2.0,36.0,1.0,3.0,0.0,65535.0,1.0,1,Command Injection
15027,8.221434,63637.345028,3232238447,3232238584,61254,2404,46,4,2,2.0,9.0,1.0,3.0,0.0,55.0,136.0,1,Command Injection
262,14.564834,911.342197,3232238584,3232238447,2404,61254,67,25,1,2.0,36.0,1.0,3.0,0.0,65535.0,1.0,0,Normal
1929,16.334901,6732.012816,3232238447,3232238584,61254,2404,46,4,0,3.0,9.0,1.0,3.0,0.0,55.0,136.0,1,Command Injection
297,14.584766,1030.662811,3232238447,3232238584,61254,2404,46,4,2,2.0,9.0,1.0,3.0,0.0,55.0,136.0,0,Normal
414,15.054309,1446.093301,3232238447,3232238584,61254,2404,46,4,2,2.0,9.0,1.0,3.0,0.0,55.0,136.0,0,Normal
150,14.501663,519.63208,3232238584,3232238447,2404,61254,67,25,1,2.0,36.0,1.0,3.0,0.0,65535.0,1.0,0,Normal
14924,8.150313,63206.133032,3232238447,3232238584,61254,2404,46,4,2,2.0,9.0,1.0,3.0,0.0,55.0,136.0,1,Command Injection
1959,16.353154,6834.539451,3232238447,3232238584,61254,2404,46,4,2,2.0,9.0,1.0,3.0,0.0,55.0,136.0,1,Command Injection
15025,8.220423,63627.22928,3232238584,3232238447,2404,61254,67,25,1,2.0,36.0,1.0,3.0,0.0,65535.0,3.0,1,Command Injection
1869,16.303793,6540.935388,3232238584,3232238447,2404,61254,67,25,1,2.0,36.0,1.0,3.0,0.0,65535.0,1.0,1,Command Injection
15022,8.21471,63610.105975,3232238447,3232238584,61254,2404,46,4,2,2.0,9.0,1.0,3.0,0.0,55.0,136.0,1,Command Injection
488,15.101358,1716.582432,3232238584,3232238447,2404,61254,67,25,1,2.0,36.0,1.0,3.0,0.0,65535.0,1.0,0,Normal
147,14.500222,505.225501,3232238584,3232238447,2404,61254,67,25,1,2.0,36.0,1.0,3.0,0.0,65535.0,1.0,0,Normal
146,14.500123,504.237548,3232238447,3232238584,61254,2404,46,4,2,2.0,9.0,1.0,3.0,0.0,55.0,136.0,0,Normal
14856,8.102596,62928.959393,3232238447,3232238584,61254,2404,46,4,2,2.0,9.0,1.0,3.0,0.0,55.0,136.0,1,Command Injection
15067,8.251357,63816.57114,3232238584,3232238447,2404,61254,67,25,1,2.0,36.0,1.0,3.0,0.0,65535.0,1.0,1,Command Injection
14875,8.113116,62994.164259,3232238584,3232238447,2404,61254,67,25,1,2.0,36.0,1.0,3.0,0.0,65535.0,2.0,1,Command Injection
1978,16.36248,6887.805577,3232238584,3232238447,2404,61254,67,25,1,2.0,36.0,1.0,3.0,0.0,65535.0,1.0,1,Command Injection
348,15.013866,1201.667969,3232238447,3232238584,61254,2404,46,4,2,2.0,9.0,1.0,3.0,0.0,55.0,136.0,0,Normal
463,15.084594,1628.948914,3232238584,3232238447,2404,61254,67,25,1,2.0,36.0,1.0,3.0,0.0,65535.0,1.0,0,Normal
325,15.001762,1120.625936,3232238584,3232238447,2404,61254,67,25,1,2.0,36.0,1.0,3.0,0.0,65535.0,1.0,0,Normal
186,14.521905,642.056497,3232238584,3232238447,2404,61254,67,25,1,2.0,36.0,1.0,3.0,0.0,65535.0,1.0,0,Normal
123,14.484882,431.825869,3232238584,3232238447,2404,61254,67,25,1,2.0,36.0,1.0,3.0,0.0,65535.0,1.0,0,Normal
14989,8.192931,63472.311617,3232238584,3232238447,2404,61254,67,25,1,2.0,36.0,1.0,3.0,0.0,65535.0,1.0,1,Command Injection
1927,16.334815,6731.154009,3232238584,3232238447,2404,61254,67,25,1,2.0,36.0,1.0,3.0,0.0,65535.0,1.0,1,Command Injection
143,14.495161,494.618878,3232238584,3232238447,2404,61254,67,25,1,2.0,36.0,1.0,3.0,0.0,65535.0,1.0,0,Normal
15094,8.265577,63918.7702,3232238584,3232238447,2404,61254,67,25,1,2.0,36.0,1.0,3.0,0.0,65535.0,1.0,1,Command Injection
197,14.531507,698.073772,3232238584,3232238447,2404,61254,67,25,1,2.0,36.0,1.0,3.0,0.0,65535.0,1.0,0,Normal
1928,16.334901,6732.012552,3232238584,3232238447,2404,61254,46,4,0,2.0,9.0,1.0,3.0,0.0,55.0,136.0,1,Command Injection
279,14.574429,967.290698,3232238584,3232238447,2404,61254,67,25,1,2.0,36.0,1.0,3.0,0.0,65535.0,1.0,0,Normal
293,14.583629,1019.289647,3232238447,3232238584,61254,2404,46,4,2,2.0,9.0,1.0,3.0,0.0,55.0,136.0,0,Normal
400,15.050147,1404.475797,3232238584,3232238447,2404,61254,67,25,1,2.0,36.0,1.0,3.0,0.0,65535.0,1.0,0,Normal
122,14.484604,429.043053,3232238447,3232238584,61254,2404,46,4,2,2.0,9.0,1.0,3.0,0.0,55.0,136.0,0,Normal
183,14.520585,628.851851,3232238584,3232238447,2404,61254,67,25,1,2.0,36.0,1.0,3.0,0.0,65535.0,1.0,0,Normal
202,14.532967,712.678212,3232238584,3232238447,2404,61254,67,25,1,2.0,36.0,1.0,3.0,0.0,65535.0,1.0,0,Normal
438,15.071035,1533.350432,3232238447,3232238584,61254,2404,46,4,2,2.0,9.0,1.0,3.0,0.0,55.0,136.0,0,Normal
246,14.555858,861.579384,3232238447,3232238584,61254,2404,46,4,2,2.0,9.0,1.0,3.0,0.0,55.0,136.0,0,Normal
415,15.054429,1447.290624,3232238584,3232238447,2404,61254,67,25,1,2.0,36.0,1.0,3.0,0.0,65535.0,2.0,0,Normal
15068,8.251762,63820.620123,3232238447,3232238584,61254,2404,46,4,2,2.0,9.0,1.0,3.0,0.0,55.0,136.0,1,Command Injection
14901,8.132665,63109.654618,3232238447,3232238584,61254,2404,46,4,2,2.0,9.0,1.0,3.0,0.0,55.0,136.0,1,Command Injection
15042,8.234085,63723.852719,3232238584,3232238447,2404,61254,67,25,1,2.0,36.0,1.0,3.0,0.0,65535.0,1.0,1,Command Injection
14971,8.181967,63402.669795,3232238584,3232238447,2404,61254,67,25,1,2.0,36.0,1.0,3.0,0.0,65535.0,1.0,1,Command Injection
15023,8.215302,63616.026575,3232238584,3232238447,2404,61254,67,25,1,2.0,36.0,1.0,3.0,0.0,65535.0,1.0,1,Command Injection
129,14.491059,453.596919,3232238584,3232238447,2404,61254,67,25,1,2.0,36.0,1.0,3.0,0.0,65535.0,1.0,0,Normal
1956,16.351519,6818.189967,3232238447,3232238584,61254,2404,46,4,2,2.0,9.0,1.0,3.0,0.0,55.0,136.0,1,Command Injection
402,15.050547,1408.478471,3232238447,3232238584,61254,2404,46,4,2,2.0,9.0,1.0,3.0,0.0,55.0,136.0,0,Normal
14920,8.144089,63183.897643,3232238584,3232238447,2404,61254,67,25,1,2.0,36.0,1.0,3.0,0.0,65535.0,1.0,1,Command Injection
14906,8.13511,63134.100387,3232238584,3232238447,2404,61254,67,25,1,2.0,36.0,1.0,3.0,0.0,65535.0,1.0,1,Command Injection
14871,8.111101,62974.012366,3232238447,3232238584,61254,2404,46,4,2,2.0,9.0,1.0,3.0,0.0,55.0,136.0,1,Command Injection
15049,8.240518,63748.183881,3232238584,3232238447,2404,61254,67,25,1,2.0,36.0,1.0,3.0,0.0,65535.0,3.0,1,Command Injection
219,14.543329,776.297337,3232238584,3232238447,2404,61254,67,25,1,2.0,36.0,1.0,3.0,0.0,65535.0,2.0,0,Normal
1960,16.353258,6835.588017,3232238584,3232238447,2404,61254,67,25,1,2.0,36.0,1.0,3.0,0.0,65535.0,1.0,1,Command Injection
15051,8.241305,63756.055574,3232238447,3232238584,61254,2404,46,4,0,3.0,9.0,1.0,3.0,0.0,55.0,136.0,1,Command Injection
14888,8.122507,63048.078298,3232238447,3232238584,61254,2404,46,4,0,3.0,9.0,1.0,3.0,0.0,55.0,136.0,1,Command Injection
14942,8.162692,63289.919855,3232238584,3232238447,2404,61254,67,25,1,2.0,36.0,1.0,3.0,0.0,65535.0,1.0,1,Command Injection
15055,8.242817,63771.175303,3232238584,3232238447,2404,61254,67,25,1,2.0,36.0,1.0,3.0,0.0,65535.0,1.0,1,Command Injection
1943,16.343056,6773.56797,3232238584,3232238447,2404,61254,67,25,1,2.0,36.0,1.0,3.0,0.0,65535.0,1.0,1,Command Injection
15010,8.210209,63565.097849,3232238447,3232238584,61254,2404,46,4,0,2.0,9.0,1.0,3.0,0.0,55.0,136.0,1,Command Injection
14896,8.125496,63077.968668,3232238584,3232238447,2404,61254,67,25,1,2.0,36.0,1.0,3.0,0.0,65535.0,1.0,1,Command Injection
386,15.040628,1349.282369,3232238584,3232238447,2404,61254,67,25,1,2.0,36.0,1.0,3.0,0.0,65535.0,1.0,0,Normal
15108,8.280475,63987.751667,3232238447,3232238584,61254,2404,46,4,2,2.0,9.0,1.0,3.0,0.0,55.0,136.0,1,Command Injection
1828,16.28253,6408.305031,3232238584,3232238447,2404,61254,67,25,1,2.0,36.0,1.0,3.0,0.0,65535.0,1.0,1,Command Injection
267,14.57061,929.107678,3232238584,3232238447,2404,61254,67,25,1,2.0,36.0,1.0,3.0,0.0,65535.0,1.0,0,Normal
14955,8.171468,63337.679585,3232238584,3232238447,2404,61254,67,25,1,2.0,36.0,1.0,3.0,0.0,65535.0,1.0,1,Command Injection
441,15.071992,1542.927709,3232238584,3232238447,2404,61254,67,25,1,2.0,36.0,1.0,3.0,0.0,65535.0,1.0,0,Normal
496,15.104845,1751.452406,3232238447,3232238584,61254,2404,46,4,2,2.0,9.0,1.0,3.0,0.0,55.0,136.0,0,Normal
112,14.480858,391.584227,3232238447,3232238584,61254,2404,46,4,2,2.0,9.0,1.0,3.0,0.0,55.0,136.0,0,Normal
14827,8.082512,62808.121278,3232238584,3232238447,2404,61254,67,25,1,2.0,36.0,1.0,3.0,0.0,65535.0,1.0,1,Command Injection
232,14.551021,813.217646,3232238584,3232238447,2404,61254,46,4,0,2.0,9.0,1.0,3.0,0.0,55.0,136.0,0,Normal
15005,8.203656,63539.561152,3232238447,3232238584,61254,2404,46,4,2,2.0,9.0,1.0,3.0,0.0,55.0,136.0,1,Command Injection
1926,16.334515,6728.154023,3232238584,3232238447,2404,61254,67,25,1,2.0,36.0,1.0,3.0,0.0,65535.0,1.0,1,Command Injection
1990,16.370522,6928.225541,3232238584,3232238447,2404,61254,67,25,1,2.0,36.0,1.0,3.0,0.0,65535.0,1.0,1,Command Injection
373,15.032805,1311.053237,3232238584,3232238447,2404,61254,67,25,1,2.0,36.0,1.0,3.0,0.0,65535.0,1.0,0,Normal
15117,8.284234,64025.340349,3232238584,3232238447,2404,61254,67,25,1,2.0,36.0,1.0,3.0,0.0,65535.0,1.0,1,Command Injection
14978,8.184606,63429.062045,3232238584,3232238447,2404,61254,67,25,1,2.0,36.0,1.0,3.0,0.0,65535.0,1.0,1,Command Injection
233,14.551021,813.217895,3232238447,3232238584,61254,2404,46,4,0,3.0,9.0,1.0,3.0,0.0,55.0,136.0,0,Normal
14921,8.145102,63194.027655,3232238447,3232238584,61254,2404,46,4,2,2.0,9.0,1.0,3.0,0.0,55.0,136.0,1,Command Injection
1995,16.371909,6942.090655,3232238447,3232238584,61254,2404,46,4,2,2.0,9.0,1.0,3.0,0.0,55.0,136.0,1,Command Injection
317,14.595103,1094.037685,3232238584,3232238447,2404,61254,67,25,1,2.0,36.0,1.0,3.0,0.0,65535.0,1.0,0,Normal
1967,16.360079,6863.798278,3232238584,3232238447,2404,61254,67,25,1,2.0,36.0,1.0,3.0,0.0,65535.0,1.0,1,Command Injection
410,15.053329,1436.294691,3232238447,3232238584,61254,2404,46,4,2,2.0,9.0,1.0,3.0,0.0,55.0,136.0,0,Normal
15034,8.224781,63670.818246,3232238584,3232238447,2404,61254,67,25,1,2.0,36.0,1.0,3.0,0.0,65535.0,1.0,1,Command Injection
14845,8.095124,62894.242057,3232238584,3232238447,2404,61254,67,25,1,2.0,36.0,1.0,3.0,0.0,65535.0,1.0,1,Command Injection
358,15.02321,1255.102321,3232238584,3232238447,2404,61254,46,4,0,3.0,9.0,1.0,3.0,0.0,55.0,136.0,0,Normal
258,14.563211,895.116606,3232238584,3232238447,2404,61254,67,25,1,2.0,36.0,1.0,3.0,0.0,65535.0,1.0,0,Normal
14880,8.115263,63015.634723,3232238584,3232238447,2404,61254,46,4,0,3.0,9.0,1.0,3.0,0.0,55.0,136.0,1,Command Injection
1946,16.343637,6779.369676,3232238584,3232238447,2404,61254,67,25,1,2.0,36.0,1.0,3.0,0.0,65535.0,1.0,1,Command Injection
1951,16.34581,6801.104288,3232238447,3232238584,61254,2404,46,4,2,2.0,9.0,1.0,3.0,0.0,55.0,136.0,1,Command Injection
282,14.580268,985.683139,3232238584,3232238447,2404,61254,67,25,1,2.0,36.0,1.0,3.0,0.0,65535.0,1.0,0,Normal
376,15.033852,1321.519795,3232238447,3232238584,61254,2404,46,4,2,2.0,9.0,1.0,3.0,0.0,55.0,136.0,0,Normal
384,15.040027,1343.271343,3232238584,3232238447,2404,61254,67,25,1,2.0,36.0,1.0,3.0,0.0,65535.0,1.0,0,Normal
224,14.54407,783.699999,3232238584,3232238447,2404,61254,67,25,1,2.0,36.0,1.0,3.0,0.0,65535.0,1.0,0,Normal
15089,8.263755,63900.556849,3232238584,3232238447,2404,61254,67,25,1,2.0,36.0,1.0,3.0,0.0,65535.0,1.0,1,Command Injection
14950,8.165888,63321.884878,3232238584,3232238447,2404,61254,67,25,1,2.0,36.0,1.0,3.0,0.0,65535.0,1.0,1,Command Injection
472,15.091769,1660.698592,3232238447,3232238584,61254,2404,46,4,2,2.0,9.0,1.0,3.0,0.0,55.0,136.0,0,Normal
347,15.013462,1197.620231,3232238584,3232238447,2404,61254,67,25,1,2.0,36.0,1.0,3.0,0.0,65535.0,1.0,0,Normal
1824,16.28131,6396.102631,3232238584,3232238447,2404,61254,67,25,1,2.0,36.0,1.0,3.0,0.0,65535.0,3.0,1,Command Injection
1958,16.352444,6827.445239,3232238584,3232238447,2404,61254,67,25,1,2.0,36.0,1.0,3.0,0.0,65535.0,1.0,1,Command Injection
15123,8.290807,64051.071712,3232238447,3232238584,61254,2404,46,4,2,2.0,9.0,1.0,3.0,0.0,55.0,136.0,1,Command Injection
15064,8.250309,63806.096813,3232238447,3232238584,61254,2404,46,4,2,2.0,9.0,1.0,3.0,0.0,55.0,136.0,1,Command Injection
15041,8.233119,63714.19799,3232238584,3232238447,2404,61254,67,25,1,2.0,36.0,1.0,3.0,0.0,65535.0,1.0,1,Command Injection
1938,16.341637,6759.374708,3232238584,3232238447,2404,61254,67,25,1,2.0,36.0,1.0,3.0,0.0,65535.0,1.0,1,Command Injection
14991,8.193887,63481.870552,3232238447,3232238584,61254,2404,46,4,2,2.0,9.0,1.0,3.0,0.0,55.0,136.0,1,Command Injection
14939,8.161422,63277.223781,3232238447,3232238584,61254,2404,46,4,2,2.0,9.0,1.0,3.0,0.0,55.0,136.0,1,Command Injection
1964,16.354459,6847.592632,3232238584,3232238447,2404,61254,67,25,1,2.0,36.0,1.0,3.0,0.0,65535.0,1.0,1,Command Injection
14982,8.190806,63451.064551,3232238447,3232238584,61254,2404,46,4,0,3.0,9.0,1.0,3.0,0.0,55.0,136.0,1,Command Injection
1875,16.310339,6566.390496,3232238584,3232238447,2404,61254,67,25,1,2.0,36.0,1.0,3.0,0.0,65535.0,1.0,1,Command Injection
15093,8.264776,63910.76417,3232238447,3232238584,61254,2404,46,4,2,2.0,9.0,1.0,3.0,0.0,55.0,136.0,1,Command Injection
1896,16.315894,6621.943453,3232238447,3232238584,61254,2404,46,4,2,2.0,9.0,1.0,3.0,0.0,55.0,136.0,1,Command Injection
14931,8.153732,63240.328584,3232238447,3232238584,61254,2404,46,4,2,2.0,9.0,1.0,3.0,0.0,55.0,136.0,1,Command Injection
85,14.463491,297.916882,3232238584,3232238447,2404,61254,67,25,1,2.0,36.0,1.0,3.0,0.0,65535.0,1.0,0,Normal
242,14.553651,839.512337,3232238584,3232238447,2404,61254,67,25,1,2.0,36.0,1.0,3.0,0.0,65535.0,1.0,0,Normal
14834,8.08497,62832.701717,3232238584,3232238447,2404,61254,67,25,1,2.0,36.0,1.0,3.0,0.0,65535.0,1.0,1,Command Injection
159,14.504524,548.244228,3232238584,3232238447,2404,61254,67,25,1,2.0,36.0,1.0,3.0,0.0,65535.0,1.0,0,Normal
1843,16.291232,6455.327818,3232238584,3232238447,2404,61254,67,25,1,2.0,36.0,1.0,3.0,0.0,65535.0,1.0,1,Command Injection
35,14.434006,123.0671,3232238584,3232238447,2404,61254,67,25,1,2.0,36.0,1.0,3.0,0.0,65535.0,1.0,0,Normal
1859,16.300913,6512.13325,3232238584,3232238447,2404,61254,67,25,1,2.0,36.0,1.0,3.0,0.0,65535.0,1.0,1,Command Injection
170,14.512045,583.451086,3232238584,3232238447,2404,61254,67,25,1,2.0,36.0,1.0,3.0,0.0,65535.0,1.0,0,Normal
1973,16.36132,6876.202041,3232238584,3232238447,2404,61254,67,25,1,2.0,36.0,1.0,3.0,0.0,65535.0,2.0,1,Command Injection
15026,8.220523,63628.229451,3232238584,3232238447,2404,61254,67,25,1,2.0,36.0,1.0,3.0,0.0,65535.0,1.0,1,Command Injection
14993,8.194384,63486.842192,3232238584,3232238447,2404,61254,67,25,1,2.0,36.0,1.0,3.0,0.0,65535.0,1.0,1,Command Injection
14983,8.191045,63453.454121,3232238584,3232238447,2404,61254,67,25,1,2.0,36.0,1.0,3.0,0.0,65535.0,1.0,1,Command Injection
15080,8.255636,63859.368972,3232238584,3232238447,2404,61254,67,25,1,2.0,36.0,1.0,3.0,0.0,65535.0,1.0,1,Command Injection
14869,8.110658,62969.583803,3232238584,3232238447,2404,61254,67,25,1,2.0,36.0,1.0,3.0,0.0,65535.0,1.0,1,Command Injection
95,14.471783,340.832577,3232238447,3232238584,61254,2404,46,4,2,2.0,9.0,1.0,3.0,0.0,55.0,136.0,0,Normal
1882,16.311914,6582.145707,3232238447,3232238584,61254,2404,46,4,2,2.0,9.0,1.0,3.0,0.0,55.0,136.0,1,Command Injection
240,14.553422,837.226281,3232238447,3232238584,61254,2404,46,4,2,2.0,9.0,1.0,3.0,0.0,55.0,136.0,0,Normal
14878,8.114249,63005.493484,3232238447,3232238584,61254,2404,46,4,2,2.0,9.0,1.0,3.0,0.0,55.0,136.0,1,Command Injection
1893,16.315213,6615.131154,3232238584,3232238447,2404,61254,67,25,1,2.0,36.0,1.0,3.0,0.0,65535.0,1.0,1,Command Injection
14826,8.081772,62800.728482,3232238584,3232238447,2404,61254,67,25,1,2.0,36.0,1.0,3.0,0.0,65535.0,1.0,1,Command Injection
460,15.083814,1621.146161,3232238584,3232238447,2404,61254,67,25,1,2.0,36.0,1.0,3.0,0.0,65535.0,1.0,0,Normal
1872,16.305801,6561.018374,3232238584,3232238447,2404,61254,46,4,0,2.0,9.0,1.0,3.0,0.0,55.0,136.0,1,Command Injection
15024,8.220316,63626.159138,3232238447,3232238584,61254,2404,46,4,2,2.0,9.0,1.0,3.0,0.0,55.0,136.0,1,Command Injection
206,14.533468,717.680176,3232238584,3232238447,2404,61254,67,25,1,2.0,36.0,1.0,3.0,0.0,65535.0,1.0,0,Normal
392,15.042887,1371.876587,3232238447,3232238584,61254,2404,46,4,2,2.0,9.0,1.0,3.0,0.0,55.0,136.0,0,Normal
14930,8.153531,63238.312395,3232238584,3232238447,2404,61254,67,25,1,2.0,36.0,1.0,3.0,0.0,65535.0,1.0,1,Command Injection
397,15.045167,1394.673378,3232238584,3232238447,2404,61254,67,25,1,2.0,36.0,1.0,3.0,0.0,65535.0,1.0,0,Normal
14902,8.13331,63116.108857,3232238584,3232238447,2404,61254,67,25,1,2.0,36.0,1.0,3.0,0.0,65535.0,2.0,1,Command Injection
14984,8.19145,63457.502833,3232238447,3232238584,61254,2404,46,4,2,2.0,9.0,1.0,3.0,0.0,55.0,136.0,1,Command Injection
217,14.542769,770.69445,3232238584,3232238447,2404,61254,67,25,1,2.0,36.0,1.0,3.0,0.0,65535.0,1.0,0,Normal
4,14.414847,11.477121,3232238584,3232238447,2404,61254,67,25,1,2.0,36.0,1.0,3.0,0.0,65535.0,1.0,0,Normal
14904,8.13435,63126.507222,3232238447,3232238584,61254,2404,46,4,2,2.0,9.0,1.0,3.0,0.0,55.0,136.0,1,Command Injection
1961,16.353519,6838.189191,3232238584,3232238447,2404,61254,67,25,1,2.0,36.0,1.0,3.0,0.0,65535.0,1.0,1,Command Injection
15065,8.250737,63810.371431,3232238584,3232238447,2404,61254,67,25,1,2.0,36.0,1.0,3.0,0.0,65535.0,1.0,1,Command Injection
1931,16.335276,6735.768815,3232238447,3232238584,61254,2404,46,4,2,2.0,9.0,1.0,3.0,0.0,55.0,136.0,1,Command Injection
14874,8.112177,62984.773389,3232238584,3232238447,2404,61254,67,25,1,2.0,36.0,1.0,3.0,0.0,65535.0,1.0,1,Command Injection
1865,16.302153,6524.536834,3232238584,3232238447,2404,61254,67,25,1,2.0,36.0,1.0,3.0,0.0,65535.0,1.0,1,Command Injection
14861,8.103602,62939.021204,3232238447,3232238584,61254,2404,46,4,2,2.0,9.0,1.0,3.0,0.0,55.0,136.0,1,Command Injection
2002,16.373987,6962.871429,3232238447,3232238584,61254,2404,46,4,2,2.0,9.0,1.0,3.0,0.0,55.0,136.0,1,Command Injection
98,14.472615,349.15148,3232238584,3232238447,2404,61254,67,25,1,2.0,36.0,1.0,3.0,0.0,65535.0,1.0,0,Normal
14940,8.162436,63287.363585,3232238447,3232238584,61254,2404,46,4,0,2.0,9.0,1.0,3.0,0.0,55.0,136.0,1,Command Injection
14863,8.10452,62948.200572,3232238584,3232238447,2404,61254,67,25,1,2.0,36.0,1.0,3.0,0.0,65535.0,1.0,1,Command Injection
1892,16.315099,6613.994118,3232238584,3232238447,2404,61254,67,25,1,2.0,36.0,1.0,3.0,0.0,65535.0,1.0,1,Command Injection
406,15.051671,1419.711238,3232238447,3232238584,61254,2404,46,4,2,2.0,9.0,1.0,3.0,0.0,55.0,136.0,0,Normal
1821,16.28053,6388.303884,3232238584,3232238447,2404,61254,67,25,1,2.0,36.0,1.0,3.0,0.0,65535.0,1.0,1,Command Injection
47,14.442107,164.073742,3232238584,3232238447,2404,61254,67,25,1,2.0,36.0,1.0,3.0,0.0,65535.0,1.0,0,Normal
32,14.433066,113.666237,3232238584,3232238447,2404,61254,67,25,1,2.0,36.0,1.0,3.0,0.0,65535.0,1.0,0,Normal
14915,8.142394,63166.944621,3232238447,3232238584,61254,2404,46,4,2,2.0,9.0,1.0,3.0,0.0,55.0,136.0,1,Command Injection
14975,8.183826,63421.264198,3232238584,3232238447,2404,61254,67,25,1,2.0,36.0,1.0,3.0,0.0,65535.0,2.0,1,Command Injection
200,14.532167,704.675624,3232238584,3232238447,2404,61254,67,25,1,2.0,36.0,1.0,3.0,0.0,65535.0,1.0,0,Normal
134,14.49244,467.40473,3232238584,3232238447,2404,61254,67,25,1,2.0,36.0,1.0,3.0,0.0,65535.0,3.0,0,Normal
27,14.431813,101.1294,3232238584,3232238447,2404,61254,67,25,1,2.0,36.0,1.0,3.0,0.0,65535.0,1.0,0,Normal
15016,8.212322,63586.22351,3232238584,3232238447,2404,61254,67,25,1,2.0,36.0,1.0,3.0,0.0,65535.0,1.0,1,Command Injection
230,14.550312,806.120406,3232238584,3232238447,2404,61254,67,25,1,2.0,36.0,1.0,3.0,0.0,65535.0,1.0,0,Normal
489,15.102371,1726.709299,3232238447,3232238584,61254,2404,46,4,2,2.0,9.0,1.0,3.0,0.0,55.0,136.0,0,Normal
14908,8.135552,63138.519976,3232238447,3232238584,61254,2404,46,4,2,2.0,9.0,1.0,3.0,0.0,55.0,136.0,1,Command Injection
378,15.034225,1325.253045,3232238584,3232238447,2404,61254,67,25,1,2.0,36.0,1.0,3.0,0.0,65535.0,2.0,0,Normal
288,14.581387,996.878886,3232238584,3232238447,2404,61254,67,25,1,2.0,36.0,1.0,3.0,0.0,65535.0,1.0,0,Normal
418,15.055969,1462.696009,3232238584,3232238447,2404,61254,67,25,1,2.0,36.0,1.0,3.0,0.0,65535.0,1.0,0,Normal
1993,16.371243,6935.429352,3232238584,3232238447,2404,61254,67,25,1,2.0,36.0,1.0,3.0,0.0,65535.0,1.0,1,Command Injection
391,15.042786,1370.863063,3232238584,3232238447,2404,61254,67,25,1,2.0,36.0,1.0,3.0,0.0,65535.0,1.0,0,Normal
1911,16.324573,6668.738739,3232238584,3232238447,2404,61254,67,25,1,2.0,36.0,1.0,3.0,0.0,65535.0,1.0,1,Command Injection
498,15.10554,1758.401186,3232238584,3232238447,2404,61254,67,25,1,2.0,36.0,1.0,3.0,0.0,65535.0,1.0,0,Normal
138,14.493752,480.524147,3232238447,3232238584,61254,2404,46,4,2,2.0,9.0,1.0,3.0,0.0,55.0,136.0,0,Normal
62,14.451128,214.281486,3232238584,3232238447,2404,61254,67,25,1,2.0,36.0,1.0,3.0,0.0,65535.0,1.0,0,Normal
471,15.090756,1650.561117,3232238584,3232238447,2404,61254,67,25,1,2.0,36.0,1.0,3.0,0.0,65535.0,1.0,0,Normal
1966,16.355467,6857.676745,3232238447,3232238584,61254,2404,46,4,2,2.0,9.0,1.0,3.0,0.0,55.0,136.0,1,Command Injection
128,14.490399,446.992753,3232238584,3232238447,2404,61254,67,25,1,2.0,36.0,1.0,3.0,0.0,65535.0,1.0,0,Normal
15112,8.281621,63999.217336,3232238447,3232238584,61254,2404,46,4,2,2.0,9.0,1.0,3.0,0.0,55.0,136.0,1,Command Injection
1839,16.290195,6444.950007,3232238447,3232238584,61254,2404,46,4,2,2.0,9.0,1.0,3.0,0.0,55.0,136.0,1,Command Injection
14974,8.182986,63412.869084,3232238447,3232238584,61254,2404,46,4,2,2.0,9.0,1.0,3.0,0.0,55.0,136.0,1,Command Injection
15098,8.271734,63940.34878,3232238584,3232238447,2404,61254,67,25,1,2.0,36.0,1.0,3.0,0.0,65535.0,1.0,1,Command Injection
64,14.451588,218.882652,3232238447,3232238584,61254,2404,46,4,2,2.0,9.0,1.0,3.0,0.0,55.0,136.0,0,Normal
14948,8.165806,63321.0686,3232238584,3232238447,2404,61254,46,4,0,2.0,9.0,1.0,3.0,0.0,55.0,136.0,1,Command Injection
14,14.422887,51.874267,3232238584,3232238447,2404,61254,67,25,1,2.0,36.0,1.0,3.0,0.0,65535.0,1.0,0,Normal
156,14.503043,533.438889,3232238584,3232238447,2404,61254,67,25,1,2.0,36.0,1.0,3.0,0.0,65535.0,1.0,0,Normal
40,14.435727,140.269482,3232238584,3232238447,2404,61254,67,25,1,2.0,36.0,1.0,3.0,0.0,65535.0,1.0,0,Normal
492,15.103419,1737.18993,3232238584,3232238447,2404,61254,67,25,1,2.0,36.0,1.0,3.0,0.0,65535.0,1.0,0,Normal
379,15.034325,1326.252951,3232238584,3232238447,2404,61254,67,25,1,2.0,36.0,1.0,3.0,0.0,65535.0,1.0,0,Normal
187,14.522005,643.057602,3232238447,3232238584,61254,2404,46,4,2,2.0,9.0,1.0,3.0,0.0,55.0,136.0,0,Normal
14899,8.131425,63097.252819,3232238447,3232238584,61254,2404,46,4,2,2.0,9.0,1.0,3.0,0.0,55.0,136.0,1,Command Injection
216,14.542429,767.293594,3232238584,3232238447,2404,61254,67,25,1,2.0,36.0,1.0,3.0,0.0,65535.0,1.0,0,Normal
14927,8.152275,63225.758437,3232238447,3232238584,61254,2404,46,4,2,2.0,9.0,1.0,3.0,0.0,55.0,136.0,1,Command Injection
52,14.444367,186.676905,3232238584,3232238447,2404,61254,67,25,1,2.0,36.0,1.0,3.0,0.0,65535.0,1.0,0,Normal
15014,8.211266,63575.660952,3232238447,3232238584,61254,2404,46,4,2,2.0,9.0,1.0,3.0,0.0,55.0,136.0,1,Command Injection
337,15.010162,1164.621055,3232238584,3232238447,2404,61254,67,25,1,2.0,36.0,1.0,3.0,0.0,65535.0,1.0,0,Normal
14884,8.120374,63026.743177,3232238584,3232238447,2404,61254,67,25,1,2.0,36.0,1.0,3.0,0.0,65535.0,1.0,1,Command Injection
14855,8.101582,62918.820186,3232238584,3232238447,2404,61254,67,25,1,2.0,36.0,1.0,3.0,0.0,65535.0,1.0,1,Command Injection
14860,8.1035,62938.007654,3232238584,3232238447,2404,61254,67,25,1,2.0,36.0,1.0,3.0,0.0,65535.0,1.0,1,Command Injection
295,14.584326,1026.264944,3232238584,3232238447,2404,61254,67,25,1,2.0,36.0,1.0,3.0,0.0,65535.0,1.0,0,Normal
14837,8.090762,62850.62534,3232238447,3232238584,61254,2404,46,4,2,2.0,9.0,1.0,3.0,0.0,55.0,136.0,1,Command Injection
251,14.561111,874.11637,3232238584,3232238447,2404,61254,67,25,1,2.0,36.0,1.0,3.0,0.0,65535.0,1.0,0,Normal
14862,8.1037,62940.006802,3232238584,3232238447,2404,61254,67,25,1,2.0,36.0,1.0,3.0,0.0,65535.0,1.0,1,Command Injection
461,15.083915,1622.150764,3232238447,3232238584,61254,2404,46,4,2,2.0,9.0,1.0,3.0,0.0,55.0,136.0,0,Normal
455,15.081534,1598.340717,3232238584,3232238447,2404,61254,67,25,1,2.0,36.0,1.0,3.0,0.0,65535.0,1.0,0,Normal
15132,8.295014,64093.147058,3232238447,3232238584,61254,2404,46,4,2,2.0,9.0,1.0,3.0,0.0,55.0,136.0,1,Command Injection
14951,8.170191,63324.913133,3232238447,3232238584,61254,2404,46,4,2,2.0,9.0,1.0,3.0,0.0,55.0,136.0,1,Command Injection
14998,8.195587,63498.869884,3232238584,3232238447,2404,61254,67,25,1,2.0,36.0,1.0,3.0,0.0,65535.0,1.0,1,Command Injection
269,14.57163,939.304049,3232238447,3232238584,61254,2404,46,4,2,2.0,9.0,1.0,3.0,0.0,55.0,136.0,0,Normal
201,14.532627,709.277332,3232238584,3232238447,2404,61254,67,25,1,2.0,36.0,1.0,3.0,0.0,65535.0,3.0,0,Normal
161,14.505086,553.865156,3232238447,3232238584,61254,2404,46,4,2,2.0,9.0,1.0,3.0,0.0,55.0,136.0,0,Normal
1874,16.305953,6562.535803,3232238584,3232238447,2404,61254,67,25,1,2.0,36.0,1.0,3.0,0.0,65535.0,1.0,1,Command Injection
14865,8.104959,62952.597452,3232238584,3232238447,2404,61254,67,25,1,2.0,36.0,1.0,3.0,0.0,65535.0,1.0,1,Command Injection
401,15.050447,1407.475945,3232238584,3232238447,2404,61254,67,25,1,2.0,36.0,1.0,3.0,0.0,65535.0,1.0,0,Normal
14838,8.090908,62852.085152,3232238584,3232238447,2404,61254,67,25,1,2.0,36.0,1.0,3.0,0.0,65535.0,1.0,1,Command Injection
476,15.093437,1677.375347,3232238584,3232238447,2404,61254,67,25,1,2.0,36.0,1.0,3.0,0.0,65535.0,3.0,0,Normal
14957,8.172687,63349.878135,3232238584,3232238447,2404,61254,67,25,1,2.0,36.0,1.0,3.0,0.0,65535.0,1.0,1,Command Injection
14907,8.13535,63136.500308,3232238584,3232238447,2404,61254,67,25,1,2.0,36.0,1.0,3.0,0.0,65535.0,1.0,1,Command Injection
105,14.474394,366.948574,3232238584,3232238447,2404,61254,67,25,1,2.0,36.0,1.0,3.0,0.0,65535.0,1.0,0,Normal
1884,16.312413,6587.129949,3232238584,3232238447,2404,61254,67,25,1,2.0,36.0,1.0,3.0,0.0,65535.0,1.0,1,Command Injection
389,15.041866,1361.659838,3232238584,3232238447,2404,61254,67,25,1,2.0,36.0,1.0,3.0,0.0,65535.0,1.0,0,Normal
1,14.414498,7.988457,3232238584,3232238447,2404,61254,46,4,0,1.0,9.0,1.0,3.0,0.0,55.0,136.0,0,Normal
15073,8.253297,63835.971703,3232238584,3232238447,2404,61254,67,25,1,2.0,36.0,1.0,3.0,0.0,65535.0,1.0,1,Command Injection
15118,8.284674,64029.741242,3232238584,3232238447,2404,61254,67,25,1,2.0,36.0,1.0,3.0,0.0,65535.0,1.0,1,Command Injection
1880,16.311513,6578.132348,3232238584,3232238447,2404,61254,67,25,1,2.0,36.0,1.0,3.0,0.0,65535.0,1.0,1,Command Injection
80,14.46145,277.507935,3232238584,3232238447,2404,61254,67,25,1,2.0,36.0,1.0,3.0,0.0,65535.0,1.0,0,Normal
205,14.533328,716.288625,3232238447,3232238584,61254,2404,46,4,2,2.0,9.0,1.0,3.0,0.0,55.0,136.0,0,Normal
34,14.433934,122.342801,3232238447,3232238584,61254,2404,46,4,2,2.0,9.0,1.0,3.0,0.0,55.0,136.0,0,Normal
14911,8.140969,63152.695548,3232238584,3232238447,2404,61254,67,25,1,2.0,36.0,1.0,3.0,0.0,65535.0,1.0,1,Command Injection
1827,16.282191,6404.917237,3232238447,3232238584,61254,2404,46,4,2,2.0,9.0,1.0,3.0,0.0,55.0,136.0,1,Command Injection
427,15.064519,1508.193511,3232238584,3232238447,2404,61254,46,4,0,2.0,9.0,1.0,3.0,0.0,55.0,136.0,0,Normal
454,15.081186,1594.863911,3232238447,3232238584,61254,2404,46,4,2,2.0,9.0,1.0,3.0,0.0,55.0,136.0,0,Normal
366,15.03032,1286.201191,3232238584,3232238447,2404,61254,46,4,0,2.0,9.0,1.0,3.0,0.0,55.0,136.0,0,Normal
91,14.470353,326.532319,3232238584,3232238447,2404,61254,67,25,1,2.0,36.0,1.0,3.0,0.0,65535.0,1.0,0,Normal
339,15.010622,1169.22005,3232238584,3232238447,2404,61254,67,25,1,2.0,36.0,1.0,3.0,0.0,65535.0,1.0,0,Normal
15033,8.224222,63665.224282,3232238584,3232238447,2404,61254,67,25,1,2.0,36.0,1.0,3.0,0.0,65535.0,2.0,1,Command Injection
1883,16.312173,6584.731244,3232238584,3232238447,2404,61254,67,25,1,2.0,36.0,1.0,3.0,0.0,65535.0,1.0,1,Command Injection
345,15.013022,1193.219275,3232238584,3232238447,2404,61254,67,25,1,2.0,36.0,1.0,3.0,0.0,65535.0,3.0,0,Normal
14912,8.141069,63153.69849,3232238447,3232238584,61254,2404,46,4,2,2.0,9.0,1.0,3.0,0.0,55.0,136.0,1,Command Injection
241,14.553431,837.312564,3232238584,3232238447,2404,61254,67,25,1,2.0,36.0,1.0,3.0,0.0,65535.0,2.0,0,Normal
13,14.422567,48.673974,3232238584,3232238447,2404,61254,67,25,1,2.0,36.0,1.0,3.0,0.0,65535.0,1.0,0,Normal
315,14.594729,1090.291824,3232238447,3232238584,61254,2404,46,4,2,2.0,9.0,1.0,3.0,0.0,55.0,136.0,0,Normal
1919,16.331334,6696.346001,3232238584,3232238447,2404,61254,67,25,1,2.0,36.0,1.0,3.0,0.0,65535.0,1.0,1,Command Injection
387,15.041385,1356.85863,3232238584,3232238447,2404,61254,67,25,1,2.0,36.0,1.0,3.0,0.0,65535.0,1.0,0,Normal
273,14.572794,950.944403,3232238447,3232238584,61254,2404,46,4,2,2.0,9.0,1.0,3.0,0.0,55.0,136.0,0,Normal
166,14.510845,571.451437,3232238584,3232238447,2404,61254,67,25,1,2.0,36.0,1.0,3.0,0.0,65535.0,1.0,0,Normal
14976,8.183886,63421.864164,3232238584,3232238447,2404,61254,67,25,1,2.0,36.0,1.0,3.0,0.0,65535.0,1.0,1,Command Injection
15128,8.293237,64075.376015,3232238447,3232238584,61254,2404,46,4,2,2.0,9.0,1.0,3.0,0.0,55.0,136.0,1,Command Injection
1965,16.354859,6851.594618,3232238584,3232238447,2404,61254,67,25,1,2.0,36.0,1.0,3.0,0.0,65535.0,1.0,1,Command Injection
14954,8.171456,63337.5644,3232238447,3232238584,61254,2404,46,4,2,2.0,9.0,1.0,3.0,0.0,55.0,136.0,1,Command Injection
484,15.095478,1697.780687,3232238584,3232238447,2404,61254,67,25,1,2.0,36.0,1.0,3.0,0.0,65535.0,1.0,0,Normal
15116,8.283848,64021.479105,3232238447,3232238584,61254,2404,46,4,2,2.0,9.0,1.0,3.0,0.0,55.0,136.0,1,Command Injection
1823,16.28119,6394.9016,3232238584,3232238447,2404,61254,67,25,1,2.0,36.0,1.0,3.0,0.0,65535.0,1.0,1,Command Injection
14967,8.180906,63392.066467,3232238584,3232238447,2404,61254,46,4,0,2.0,9.0,1.0,3.0,0.0,55.0,136.0,1,Command Injection
243,14.554461,847.615641,3232238447,3232238584,61254,2404,46,4,2,2.0,9.0,1.0,3.0,0.0,55.0,136.0,0,Normal
1885,16.312873,6591.729964,3232238584,3232238447,2404,61254,67,25,1,2.0,36.0,1.0,3.0,0.0,65535.0,1.0,1,Command Injection
15011,8.210209,63565.098513,3232238584,3232238447,2404,61254,46,4,0,3.0,9.0,1.0,3.0,0.0,55.0,136.0,1,Command Injection
1881,16.311813,6581.131315,3232238584,3232238447,2404,61254,67,25,1,2.0,36.0,1.0,3.0,0.0,65535.0,1.0,1,Command Injection
14822,8.080554,62788.540741,3232238584,3232238447,2404,61254,67,25,1,2.0,36.0,1.0,3.0,0.0,65535.0,1.0,1,Command Injection
189,14.523129,654.298886,3232238584,3232238447,2404,61254,67,25,1,2.0,36.0,1.0,3.0,0.0,65535.0,2.0,0,Normal
14918,8.143469,63177.696999,3232238584,3232238447,2404,61254,67,25,1,2.0,36.0,1.0,3.0,0.0,65535.0,1.0,1,Command Injection
14835,8.085274,62835.742249,3232238447,3232238584,61254,2404,46,4,2,2.0,9.0,1.0,3.0,0.0,55.0,136.0,1,Command Injection
475,15.093163,1674.636112,3232238447,3232238584,61254,2404,46,4,2,2.0,9.0,1.0,3.0,0.0,55.0,136.0,0,Normal
2000,16.373284,6955.840728,3232238584,3232238447,2404,61254,67,25,1,2.0,36.0,1.0,3.0,0.0,65535.0,1.0,1,Command Injection
1829,16.28279,6410.905949,3232238584,3232238447,2404,61254,67,25,1,2.0,36.0,1.0,3.0,0.0,65535.0,1.0,1,Command Injection
58,14.445187,194.877607,3232238584,3232238447,2404,61254,67,25,1,2.0,36.0,1.0,3.0,0.0,65535.0,1.0,0,Normal
474,15.092657,1669.571638,3232238584,3232238447,2404,61254,67,25,1,2.0,36.0,1.0,3.0,0.0,65535.0,1.0,0,Normal
1879,16.311333,6576.333375,3232238584,3232238447,2404,61254,67,25,1,2.0,36.0,1.0,3.0,0.0,65535.0,1.0,1,Command Injection
14992,8.193924,63482.241489,3232238584,3232238447,2404,61254,67,25,1,2.0,36.0,1.0,3.0,0.0,65535.0,2.0,1,Command Injection
14883,8.120035,63023.350103,3232238584,3232238447,2404,61254,67,25,1,2.0,36.0,1.0,3.0,0.0,65535.0,1.0,1,Command Injection
252,14.561611,879.116426,3232238584,3232238447,2404,61254,67,25,1,2.0,36.0,1.0,3.0,0.0,65535.0,1.0,0,Normal
21,14.424967,72.674583,3232238584,3232238447,2404,61254,67,25,1,2.0,36.0,1.0,3.0,0.0,65535.0,1.0,0,Normal
313,14.594004,1083.043165,3232238584,3232238447,2404,61254,67,25,1,2.0,36.0,1.0,3.0,0.0,65535.0,1.0,0,Normal
459,15.083535,1618.353221,3232238584,3232238447,2404,61254,67,25,1,2.0,36.0,1.0,3.0,0.0,65535.0,1.0,0,Normal
160,14.504884,551.845196,3232238584,3232238447,2404,61254,67,25,1,2.0,36.0,1.0,3.0,0.0,65535.0,1.0,0,Normal
276,14.573629,959.293866,3232238584,3232238447,2404,61254,67,25,1,2.0,36.0,1.0,3.0,0.0,65535.0,2.0,0,Normal
15091,8.264615,63909.154471,3232238584,3232238447,2404,61254,67,25,1,2.0,36.0,1.0,3.0,0.0,65535.0,2.0,1,Command Injection
191,14.523931,662.313755,3232238584,3232238447,2404,61254,67,25,1,2.0,36.0,1.0,3.0,0.0,65535.0,1.0,0,Normal
385,15.040128,1344.279731,3232238447,3232238584,61254,2404,46,4,2,2.0,9.0,1.0,3.0,0.0,55.0,136.0,0,Normal
14941,8.162436,63287.364018,3232238584,3232238447,2404,61254,46,4,0,3.0,9.0,1.0,3.0,0.0,55.0,136.0,1,Command Injection
413,15.054209,1445.089619,3232238584,3232238447,2404,61254,67,25,1,2.0,36.0,1.0,3.0,0.0,65535.0,1.0,0,Normal
491,15.103098,1733.988037,3232238584,3232238447,2404,61254,67,25,1,2.0,36.0,1.0,3.0,0.0,65535.0,1.0,0,Normal
343,15.012124,1184.240164,3232238447,3232238584,61254,2404,46,4,2,2.0,9.0,1.0,3.0,0.0,55.0,136.0,0,Normal
14905,8.13455,63128.50339,3232238584,3232238447,2404,61254,67,25,1,2.0,36.0,1.0,3.0,0.0,65535.0,1.0,1,Command Injection
308,14.592924,1072.248443,3232238584,3232238447,2404,61254,67,25,1,2.0,36.0,1.0,3.0,0.0,65535.0,3.0,0,Normal
1980,16.363081,6893.809588,3232238584,3232238447,2404,61254,67,25,1,2.0,36.0,1.0,3.0,0.0,65535.0,1.0,1,Command Injection
130,14.491161,454.61095,3232238447,3232238584,61254,2404,46,4,2,2.0,9.0,1.0,3.0,0.0,55.0,136.0,0,Normal
1982,16.363483,6897.830364,3232238447,3232238584,61254,2404,46,4,2,2.0,9.0,1.0,3.0,0.0,55.0,136.0,1,Command Injection
15007,8.204022,63543.219701,3232238584,3232238447,2404,61254,67,25,1,2.0,36.0,1.0,3.0,0.0,65535.0,2.0,1,Command Injection
99,14.472636,349.365759,3232238584,3232238447,2404,61254,67,25,1,2.0,36.0,1.0,3.0,0.0,65535.0,2.0,0,Normal
372,15.032731,1310.318479,3232238584,3232238447,2404,61254,46,4,0,3.0,9.0,1.0,3.0,0.0,55.0,136.0,0,Normal
87,14.463911,302.119039,3232238584,3232238447,2404,61254,67,25,1,2.0,36.0,1.0,3.0,0.0,65535.0,1.0,0,Normal
458,15.082934,1612.344327,3232238584,3232238447,2404,61254,67,25,1,2.0,36.0,1.0,3.0,0.0,65535.0,1.0,0,Normal
330,15.003922,1142.223011,3232238584,3232238447,2404,61254,67,25,1,2.0,36.0,1.0,3.0,0.0,65535.0,2.0,0,Normal
214,14.54095,752.505888,3232238584,3232238447,2404,61254,67,25,1,2.0,36.0,1.0,3.0,0.0,65535.0,1.0,0,Normal
466,15.085015,1633.15069,3232238584,3232238447,2404,61254,67,25,1,2.0,36.0,1.0,3.0,0.0,65535.0,1.0,0,Normal
121,14.484097,423.978883,3232238584,3232238447,2404,61254,67,25,1,2.0,36.0,1.0,3.0,0.0,65535.0,1.0,0,Normal
1933,16.340416,6747.159477,3232238584,3232238447,2404,61254,67,25,1,2.0,36.0,1.0,3.0,0.0,65535.0,1.0,1,Command Injection
20,14.424831,71.313385,3232238447,3232238584,61254,2404,46,4,2,2.0,9.0,1.0,3.0,0.0,55.0,136.0,0,Normal
14836,8.085749,62840.496418,3232238584,3232238447,2404,61254,67,25,1,2.0,36.0,1.0,3.0,0.0,65535.0,1.0,1,Command Injection
71,14.453709,240.08962,3232238584,3232238447,2404,61254,67,25,1,2.0,36.0,1.0,3.0,0.0,65535.0,1.0,0,Normal
106,14.474735,370.350377,3232238584,3232238447,2404,61254,67,25,1,2.0,36.0,1.0,3.0,0.0,65535.0,1.0,0,Normal
270,14.57175,940.504245,3232238584,3232238447,2404,61254,67,25,1,2.0,36.0,1.0,3.0,0.0,65535.0,1.0,0,Normal
14996,8.194903,63492.03629,3232238584,3232238447,2404,61254,67,25,1,2.0,36.0,1.0,3.0,0.0,65535.0,1.0,1,Command Injection
435,15.070232,1525.322498,3232238584,3232238447,2404,61254,67,25,1,2.0,36.0,1.0,3.0,0.0,65535.0,1.0,0,Normal
102,14.473354,356.542412,3232238584,3232238447,2404,61254,67,25,1,2.0,36.0,1.0,3.0,0.0,65535.0,1.0,0,Normal
